,Unnamed: 0.3,Unnamed: 0.2,Unnamed: 0.1,Unnamed: 0,subject,contrast,roi,mean_beta
0,0,0,0,0,sub-0001,emotion_vs_neutral,amygdala_L,-0.5084261894226074
1,1,1,1,1,sub-0001,negative_vs_neutral,amygdala_L,-0.655261754989624
2,2,2,2,2,sub-0001,positive_vs_neutral,amygdala_L,-0.361590564250946
3,3,3,3,3,sub-0001,negative_vs_positive,amygdala_L,-0.2936712503433227
4,4,4,4,4,sub-0001,emotion_vs_neutral,amygdala_R,-0.6198838949203491
5,5,5,5,5,sub-0001,negative_vs_neutral,amygdala_R,-0.9651550054550172
6,6,6,6,6,sub-0001,positive_vs_neutral,amygdala_R,-0.274612694978714
7,7,7,7,7,sub-0001,negative_vs_positive,amygdala_R,-0.6905423998832703
8,8,8,8,8,sub-0001,emotion_vs_neutral,dmPFC,0.3161704540252685
9,9,9,9,9,sub-0001,negative_vs_neutral,dmPFC,0.2429680079221725
10,10,10,10,10,sub-0001,positive_vs_neutral,dmPFC,0.3893729150295257
11,11,11,11,11,sub-0001,negative_vs_positive,dmPFC,-0.1464049071073532
12,12,12,12,12,sub-0002,emotion_vs_neutral,amygdala_L,-0.091637834906578
13,13,13,13,13,sub-0002,negative_vs_neutral,amygdala_L,-0.0032576939556747
14,14,14,14,14,sub-0002,positive_vs_neutral,amygdala_L,-0.1800179928541183
15,15,15,15,15,sub-0002,negative_vs_positive,amygdala_L,0.1767602711915969
16,16,16,16,16,sub-0002,emotion_vs_neutral,amygdala_R,0.3009757399559021
17,17,17,17,17,sub-0002,negative_vs_neutral,amygdala_R,0.3270784020423889
18,18,18,18,18,sub-0002,positive_vs_neutral,amygdala_R,0.2748731076717376
19,19,19,19,19,sub-0002,negative_vs_positive,amygdala_R,0.0522052608430385
20,20,20,20,20,sub-0002,emotion_vs_neutral,dmPFC,0.4492672383785248
21,21,21,21,21,sub-0002,negative_vs_neutral,dmPFC,0.6047157645225525
22,22,22,22,22,sub-0002,positive_vs_neutral,dmPFC,0.2938187420368194
23,23,23,23,23,sub-0002,negative_vs_positive,dmPFC,0.3108970522880554
24,24,24,24,24,sub-0003,emotion_vs_neutral,amygdala_L,0.2404622137546539
25,25,25,25,25,sub-0003,negative_vs_neutral,amygdala_L,0.1519427150487899
26,26,26,26,26,sub-0003,positive_vs_neutral,amygdala_L,0.3289817273616791
27,27,27,27,27,sub-0003,negative_vs_positive,amygdala_L,-0.1770389974117279
28,28,28,28,28,sub-0003,emotion_vs_neutral,amygdala_R,0.1341650784015655
29,29,29,29,29,sub-0003,negative_vs_neutral,amygdala_R,0.1704200953245163
30,30,30,30,30,sub-0003,positive_vs_neutral,amygdala_R,0.097910039126873
31,31,31,31,31,sub-0003,negative_vs_positive,amygdala_R,0.0725100487470626
32,32,32,32,32,sub-0003,emotion_vs_neutral,dmPFC,0.4568762183189392
33,33,33,33,33,sub-0003,negative_vs_neutral,dmPFC,0.4730926752090454
34,34,34,34,34,sub-0003,positive_vs_neutral,dmPFC,0.4406597912311554
35,35,35,35,35,sub-0003,negative_vs_positive,dmPFC,0.0324328690767288
36,36,36,36,36,sub-0004,emotion_vs_neutral,amygdala_L,-0.2699171006679535
37,37,37,37,37,sub-0004,negative_vs_neutral,amygdala_L,-0.1954025030136108
38,38,38,38,38,sub-0004,positive_vs_neutral,amygdala_L,-0.3444316387176513
39,39,39,39,39,sub-0004,negative_vs_positive,amygdala_L,0.1490291357040405
40,40,40,40,40,sub-0004,emotion_vs_neutral,amygdala_R,-0.538142740726471
41,41,41,41,41,sub-0004,negative_vs_neutral,amygdala_R,-0.5727304816246033
42,42,42,42,42,sub-0004,positive_vs_neutral,amygdala_R,-0.503555178642273
43,43,43,43,43,sub-0004,negative_vs_positive,amygdala_R,-0.0691753253340721
44,44,44,44,44,sub-0004,emotion_vs_neutral,dmPFC,-0.3883764147758484
45,45,45,45,45,sub-0004,negative_vs_neutral,dmPFC,-0.2974401414394378
46,46,46,46,46,sub-0004,positive_vs_neutral,dmPFC,-0.4793127179145813
47,47,47,47,47,sub-0004,negative_vs_positive,dmPFC,0.181872621178627
48,48,48,48,48,sub-0005,emotion_vs_neutral,amygdala_L,0.2616250216960907
49,49,49,49,49,sub-0005,negative_vs_neutral,amygdala_L,0.210585817694664
50,50,50,50,50,sub-0005,positive_vs_neutral,amygdala_L,0.3126642107963562
51,51,51,51,51,sub-0005,negative_vs_positive,amygdala_L,-0.1020783931016922
52,52,52,52,52,sub-0005,emotion_vs_neutral,amygdala_R,0.449636697769165
53,53,53,53,53,sub-0005,negative_vs_neutral,amygdala_R,0.4518527388572693
54,54,54,54,54,sub-0005,positive_vs_neutral,amygdala_R,0.4474206268787384
55,55,55,55,55,sub-0005,negative_vs_positive,amygdala_R,0.0044321604073047
56,56,56,56,56,sub-0005,emotion_vs_neutral,dmPFC,-0.0165415126830339
57,57,57,57,57,sub-0005,negative_vs_neutral,dmPFC,0.0511438697576522
58,58,58,58,58,sub-0005,positive_vs_neutral,dmPFC,-0.0842268988490104
59,59,59,59,59,sub-0005,negative_vs_positive,dmPFC,0.1353707760572433
60,60,60,60,60,sub-0006,emotion_vs_neutral,amygdala_L,0.0340351164340972
61,61,61,61,61,sub-0006,negative_vs_neutral,amygdala_L,0.0623989440500736
62,62,62,62,62,sub-0006,positive_vs_neutral,amygdala_L,0.0056713055819272
63,63,63,63,63,sub-0006,negative_vs_positive,amygdala_L,0.0567276328802108
64,64,64,64,64,sub-0006,emotion_vs_neutral,amygdala_R,0.0452006831765174
65,65,65,65,65,sub-0006,negative_vs_neutral,amygdala_R,-0.0401000678539276
66,66,66,66,66,sub-0006,positive_vs_neutral,amygdala_R,0.1305014193058014
67,67,67,67,67,sub-0006,negative_vs_positive,amygdala_R,-0.170601487159729
68,68,68,68,68,sub-0006,emotion_vs_neutral,dmPFC,-0.2970023453235626
69,69,69,69,69,sub-0006,negative_vs_neutral,dmPFC,-0.3512682914733886
70,70,70,70,70,sub-0006,positive_vs_neutral,dmPFC,-0.2427364140748977
71,71,71,71,71,sub-0006,negative_vs_positive,dmPFC,-0.1085318475961685
72,72,72,72,72,sub-0007,emotion_vs_neutral,amygdala_L,0.1319143325090408
73,73,73,73,73,sub-0007,negative_vs_neutral,amygdala_L,0.2297515720129013
74,74,74,74,74,sub-0007,positive_vs_neutral,amygdala_L,0.0340771228075027
75,75,75,75,75,sub-0007,negative_vs_positive,amygdala_L,0.1956744492053985
76,76,76,76,76,sub-0007,emotion_vs_neutral,amygdala_R,-0.2341761589050293
77,77,77,77,77,sub-0007,negative_vs_neutral,amygdala_R,-0.0760488957166671
78,78,78,78,78,sub-0007,positive_vs_neutral,amygdala_R,-0.3923034071922302
79,79,79,79,79,sub-0007,negative_vs_positive,amygdala_R,0.3162544667720794
80,80,80,80,80,sub-0007,emotion_vs_neutral,dmPFC,-0.5760097503662109
81,81,81,81,81,sub-0007,negative_vs_neutral,dmPFC,-0.6504099369049072
82,82,82,82,82,sub-0007,positive_vs_neutral,dmPFC,-0.5016095042228699
83,83,83,83,83,sub-0007,negative_vs_positive,dmPFC,-0.1488004475831985
84,84,84,84,84,sub-0008,emotion_vs_neutral,amygdala_L,-0.1960913836956024
85,85,85,85,85,sub-0008,negative_vs_neutral,amygdala_L,-0.2731242179870605
86,86,86,86,86,sub-0008,positive_vs_neutral,amygdala_L,-0.119058609008789
87,87,87,87,87,sub-0008,negative_vs_positive,amygdala_L,-0.1540656089782714
88,88,88,88,88,sub-0008,emotion_vs_neutral,amygdala_R,0.0459544844925403
89,89,89,89,89,sub-0008,negative_vs_neutral,amygdala_R,0.0197287462651729
90,90,90,90,90,sub-0008,positive_vs_neutral,amygdala_R,0.0721802115440368
91,91,91,91,91,sub-0008,negative_vs_positive,amygdala_R,-0.0524514615535736
92,92,92,92,92,sub-0008,emotion_vs_neutral,dmPFC,0.0208763126283884
93,93,93,93,93,sub-0008,negative_vs_neutral,dmPFC,-0.1746869087219238
94,94,94,94,94,sub-0008,positive_vs_neutral,dmPFC,0.2164395451545715
95,95,95,95,95,sub-0008,negative_vs_positive,dmPFC,-0.3911264538764953
96,96,96,96,96,sub-0009,emotion_vs_neutral,amygdala_L,0.2044393122196197
97,97,97,97,97,sub-0009,negative_vs_neutral,amygdala_L,0.4608828127384186
98,98,98,98,98,sub-0009,positive_vs_neutral,amygdala_L,-0.0520042665302753
99,99,99,99,99,sub-0009,negative_vs_positive,amygdala_L,0.512887179851532
100,100,100,100,100,sub-0009,emotion_vs_neutral,amygdala_R,0.0898368209600448
101,101,101,101,101,sub-0009,negative_vs_neutral,amygdala_R,0.244583785533905
102,102,102,102,102,sub-0009,positive_vs_neutral,amygdala_R,-0.06491020321846
103,103,103,103,103,sub-0009,negative_vs_positive,amygdala_R,0.3094939589500427
104,104,104,104,104,sub-0009,emotion_vs_neutral,dmPFC,0.3312509953975677
105,105,105,105,105,sub-0009,negative_vs_neutral,dmPFC,-0.0280196648091077
106,106,106,106,106,sub-0009,positive_vs_neutral,dmPFC,0.6905217170715332
107,107,107,107,107,sub-0009,negative_vs_positive,dmPFC,-0.7185413241386414
108,108,108,108,108,sub-0010,emotion_vs_neutral,amygdala_L,-0.0267470441758632
109,109,109,109,109,sub-0010,negative_vs_neutral,amygdala_L,-0.0712423771619796
110,110,110,110,110,sub-0010,positive_vs_neutral,amygdala_L,0.0177482813596725
111,111,111,111,111,sub-0010,negative_vs_positive,amygdala_L,-0.0889906659722328
112,112,112,112,112,sub-0010,emotion_vs_neutral,amygdala_R,0.0128873689100146
113,113,113,113,113,sub-0010,negative_vs_neutral,amygdala_R,-0.0724260956048965
114,114,114,114,114,sub-0010,positive_vs_neutral,amygdala_R,0.0982008203864097
115,115,115,115,115,sub-0010,negative_vs_positive,amygdala_R,-0.1706269085407257
116,116,116,116,116,sub-0010,emotion_vs_neutral,dmPFC,0.072861224412918
117,117,117,117,117,sub-0010,negative_vs_neutral,dmPFC,-0.0011281060287728
118,118,118,118,118,sub-0010,positive_vs_neutral,dmPFC,0.1468505412340164
119,119,119,119,119,sub-0010,negative_vs_positive,dmPFC,-0.1479786336421966
120,120,120,120,120,sub-0011,emotion_vs_neutral,amygdala_L,0.2306970059871673
121,121,121,121,121,sub-0011,negative_vs_neutral,amygdala_L,0.1744466722011566
122,122,122,122,122,sub-0011,positive_vs_neutral,amygdala_L,0.2869473397731781
123,123,123,123,123,sub-0011,negative_vs_positive,amygdala_L,-0.1125006601214408
124,124,124,124,124,sub-0011,emotion_vs_neutral,amygdala_R,-0.208311378955841
125,125,125,125,125,sub-0011,negative_vs_neutral,amygdala_R,-0.2137901186943054
126,126,126,126,126,sub-0011,positive_vs_neutral,amygdala_R,-0.2028326541185379
127,127,127,127,127,sub-0011,negative_vs_positive,amygdala_R,-0.0109574636444449
128,128,128,128,128,sub-0011,emotion_vs_neutral,dmPFC,0.409557044506073
129,129,129,129,129,sub-0011,negative_vs_neutral,dmPFC,0.3971900045871734
130,130,130,130,130,sub-0011,positive_vs_neutral,dmPFC,0.4219240546226501
131,131,131,131,131,sub-0011,negative_vs_positive,dmPFC,-0.0247341021895408
132,132,132,132,132,sub-0012,emotion_vs_neutral,amygdala_L,0.4233942925930023
133,133,133,133,133,sub-0012,negative_vs_neutral,amygdala_L,0.5127790570259094
134,134,134,134,134,sub-0012,positive_vs_neutral,amygdala_L,0.3340094685554504
135,135,135,135,135,sub-0012,negative_vs_positive,amygdala_L,0.1787695884704589
136,136,136,136,136,sub-0012,emotion_vs_neutral,amygdala_R,0.3631251454353332
137,137,137,137,137,sub-0012,negative_vs_neutral,amygdala_R,0.4821183681488037
138,138,138,138,138,sub-0012,positive_vs_neutral,amygdala_R,0.2441319674253463
139,139,139,139,139,sub-0012,negative_vs_positive,amygdala_R,0.2379864305257797
140,140,140,140,140,sub-0012,emotion_vs_neutral,dmPFC,-0.9207637906074524
141,141,141,141,141,sub-0012,negative_vs_neutral,dmPFC,-0.9621108770370485
142,142,142,142,142,sub-0012,positive_vs_neutral,dmPFC,-0.8794168829917908
143,143,143,143,143,sub-0012,negative_vs_positive,dmPFC,-0.0826939716935157
144,144,144,144,144,sub-0013,emotion_vs_neutral,amygdala_L,0.5724381804466248
145,145,145,145,145,sub-0013,negative_vs_neutral,amygdala_L,0.4771319925785064
146,146,146,146,146,sub-0013,positive_vs_neutral,amygdala_L,0.6677442789077759
147,147,147,147,147,sub-0013,negative_vs_positive,amygdala_L,-0.1906123459339141
148,148,148,148,148,sub-0013,emotion_vs_neutral,amygdala_R,0.4147980213165283
149,149,149,149,149,sub-0013,negative_vs_neutral,amygdala_R,0.2238961905241012
150,150,150,150,150,sub-0013,positive_vs_neutral,amygdala_R,0.6056998372077942
151,151,151,151,151,sub-0013,negative_vs_positive,amygdala_R,-0.3818036913871765
152,152,152,152,152,sub-0013,emotion_vs_neutral,dmPFC,-1.4237078428268433
153,153,153,153,153,sub-0013,negative_vs_neutral,dmPFC,-1.003338098526001
154,154,154,154,154,sub-0013,positive_vs_neutral,dmPFC,-1.8440778255462649
155,155,155,155,155,sub-0013,negative_vs_positive,dmPFC,0.8407397270202637
156,156,156,156,156,sub-0014,emotion_vs_neutral,amygdala_L,0.3169361054897308
157,157,157,157,157,sub-0014,negative_vs_neutral,amygdala_L,0.1817658245563507
158,158,158,158,158,sub-0014,positive_vs_neutral,amygdala_L,0.4521064460277557
159,159,159,159,159,sub-0014,negative_vs_positive,amygdala_L,-0.2703405916690826
160,160,160,160,160,sub-0014,emotion_vs_neutral,amygdala_R,0.0740163326263427
161,161,161,161,161,sub-0014,negative_vs_neutral,amygdala_R,-0.150662824511528
162,162,162,162,162,sub-0014,positive_vs_neutral,amygdala_R,0.2986955046653747
163,163,163,163,163,sub-0014,negative_vs_positive,amygdala_R,-0.4493584036827087
164,164,164,164,164,sub-0014,emotion_vs_neutral,dmPFC,0.1040276065468788
165,165,165,165,165,sub-0014,negative_vs_neutral,dmPFC,-0.1522374749183654
166,166,166,166,166,sub-0014,positive_vs_neutral,dmPFC,0.3602927029132843
167,167,167,167,167,sub-0014,negative_vs_positive,dmPFC,-0.5125301480293274
168,168,168,168,168,sub-0015,emotion_vs_neutral,amygdala_L,0.2035000771284103
169,169,169,169,169,sub-0015,negative_vs_neutral,amygdala_L,0.2085975855588913
170,170,170,170,170,sub-0015,positive_vs_neutral,amygdala_L,0.198402538895607
171,171,171,171,171,sub-0015,negative_vs_positive,amygdala_L,0.0101950438693165
172,172,172,172,172,sub-0015,emotion_vs_neutral,amygdala_R,-0.0101026315242052
173,173,173,173,173,sub-0015,negative_vs_neutral,amygdala_R,-0.0908829569816589
174,174,174,174,174,sub-0015,positive_vs_neutral,amygdala_R,0.0706776827573776
175,175,175,175,175,sub-0015,negative_vs_positive,amygdala_R,-0.1615606248378753
176,176,176,176,176,sub-0015,emotion_vs_neutral,dmPFC,-0.4468569159507751
177,177,177,177,177,sub-0015,negative_vs_neutral,dmPFC,-0.6997339129447937
178,178,178,178,178,sub-0015,positive_vs_neutral,dmPFC,-0.1939799189567566
179,179,179,179,179,sub-0015,negative_vs_positive,dmPFC,-0.5057539939880371
180,180,180,180,180,sub-0016,emotion_vs_neutral,amygdala_L,0.5029030442237854
181,181,181,181,181,sub-0016,negative_vs_neutral,amygdala_L,0.6422623991966248
182,182,182,182,182,sub-0016,positive_vs_neutral,amygdala_L,0.363543689250946
183,183,183,183,183,sub-0016,negative_vs_positive,amygdala_L,0.2787187099456787
184,184,184,184,184,sub-0016,emotion_vs_neutral,amygdala_R,-0.221354529261589
185,185,185,185,185,sub-0016,negative_vs_neutral,amygdala_R,0.0569701194763183
186,186,186,186,186,sub-0016,positive_vs_neutral,amygdala_R,-0.4996792376041412
187,187,187,187,187,sub-0016,negative_vs_positive,amygdala_R,0.5566493272781372
188,188,188,188,188,sub-0016,emotion_vs_neutral,dmPFC,-0.0737557560205459
189,189,189,189,189,sub-0016,negative_vs_neutral,dmPFC,-0.0906648635864257
190,190,190,190,190,sub-0016,positive_vs_neutral,dmPFC,-0.0568466447293758
191,191,191,191,191,sub-0016,negative_vs_positive,dmPFC,-0.0338182225823402
192,192,192,192,192,sub-0017,emotion_vs_neutral,amygdala_L,0.1593323796987533
193,193,193,193,193,sub-0017,negative_vs_neutral,amygdala_L,0.2608222663402557
194,194,194,194,194,sub-0017,positive_vs_neutral,amygdala_L,0.0578424744307994
195,195,195,195,195,sub-0017,negative_vs_positive,amygdala_L,0.2029797583818435
196,196,196,196,196,sub-0017,emotion_vs_neutral,amygdala_R,0.4612946212291717
197,197,197,197,197,sub-0017,negative_vs_neutral,amygdala_R,0.2888922095298767
198,198,198,198,198,sub-0017,positive_vs_neutral,amygdala_R,0.6336970329284668
199,199,199,199,199,sub-0017,negative_vs_positive,amygdala_R,-0.3448047339916229
200,200,200,200,200,sub-0017,emotion_vs_neutral,dmPFC,-0.2883583307266235
201,201,201,201,201,sub-0017,negative_vs_neutral,dmPFC,-0.6499485373497009
202,202,202,202,202,sub-0017,positive_vs_neutral,dmPFC,0.0732319355010986
203,203,203,203,203,sub-0017,negative_vs_positive,dmPFC,-0.7231804728507996
204,204,204,204,204,sub-0018,emotion_vs_neutral,amygdala_L,-0.0823454782366752
205,205,205,205,205,sub-0018,negative_vs_neutral,amygdala_L,-0.0823545977473259
206,206,206,206,206,sub-0018,positive_vs_neutral,amygdala_L,-0.0823363438248634
207,207,207,207,207,sub-0018,negative_vs_positive,amygdala_L,-1.82654748641653e-05
208,208,208,208,208,sub-0018,emotion_vs_neutral,amygdala_R,-0.0475962795317173
209,209,209,209,209,sub-0018,negative_vs_neutral,amygdala_R,-0.0845490172505378
210,210,210,210,210,sub-0018,positive_vs_neutral,amygdala_R,-0.010643552057445
211,211,211,211,211,sub-0018,negative_vs_positive,amygdala_R,-0.0739054530858993
212,212,212,212,212,sub-0018,emotion_vs_neutral,dmPFC,0.1132479980587959
213,213,213,213,213,sub-0018,negative_vs_neutral,dmPFC,-0.0652170851826667
214,214,214,214,214,sub-0018,positive_vs_neutral,dmPFC,0.2917130887508392
215,215,215,215,215,sub-0018,negative_vs_positive,dmPFC,-0.3569302260875702
216,216,216,216,216,sub-0019,emotion_vs_neutral,amygdala_L,0.2184826284646988
217,217,217,217,217,sub-0019,negative_vs_neutral,amygdala_L,-0.1836720108985901
218,218,218,218,218,sub-0019,positive_vs_neutral,amygdala_L,0.6206372976303101
219,219,219,219,219,sub-0019,negative_vs_positive,amygdala_L,-0.8043093085289001
220,220,220,220,220,sub-0019,emotion_vs_neutral,amygdala_R,0.0635727867484092
221,221,221,221,221,sub-0019,negative_vs_neutral,amygdala_R,-0.0907702073454856
222,222,222,222,222,sub-0019,positive_vs_neutral,amygdala_R,0.2179157882928848
223,223,223,223,223,sub-0019,negative_vs_positive,amygdala_R,-0.3086859583854675
224,224,224,224,224,sub-0019,emotion_vs_neutral,dmPFC,0.0397369898855686
225,225,225,225,225,sub-0019,negative_vs_neutral,dmPFC,-0.2749300301074981
226,226,226,226,226,sub-0019,positive_vs_neutral,dmPFC,0.3544040024280548
227,227,227,227,227,sub-0019,negative_vs_positive,dmPFC,-0.6293339729309082
228,228,228,228,228,sub-0020,emotion_vs_neutral,amygdala_L,-0.9824694395065308
229,229,229,229,229,sub-0020,negative_vs_neutral,amygdala_L,-0.9237903952598572
230,230,230,230,230,sub-0020,positive_vs_neutral,amygdala_L,-1.0411484241485596
231,231,231,231,231,sub-0020,negative_vs_positive,amygdala_L,0.1173580661416053
232,232,232,232,232,sub-0020,emotion_vs_neutral,amygdala_R,-1.295222520828247
233,233,233,233,233,sub-0020,negative_vs_neutral,amygdala_R,-0.910024642944336
234,234,234,234,234,sub-0020,positive_vs_neutral,amygdala_R,-1.6804206371307373
235,235,235,235,235,sub-0020,negative_vs_positive,amygdala_R,0.7703959345817566
236,236,236,236,236,sub-0020,emotion_vs_neutral,dmPFC,0.357325404882431
237,237,237,237,237,sub-0020,negative_vs_neutral,dmPFC,0.1423169523477554
238,238,238,238,238,sub-0020,positive_vs_neutral,dmPFC,0.5723338723182678
239,239,239,239,239,sub-0020,negative_vs_positive,dmPFC,-0.4300169050693512
240,240,240,240,240,sub-0021,emotion_vs_neutral,amygdala_L,0.059121448546648
241,241,241,241,241,sub-0021,negative_vs_neutral,amygdala_L,-0.1823000907897949
242,242,242,242,242,sub-0021,positive_vs_neutral,amygdala_L,0.3005429804325104
243,243,243,243,243,sub-0021,negative_vs_positive,amygdala_L,-0.4828430712223053
244,244,244,244,244,sub-0021,emotion_vs_neutral,amygdala_R,-0.4663550555706024
245,245,245,245,245,sub-0021,negative_vs_neutral,amygdala_R,-0.45381960272789
246,246,246,246,246,sub-0021,positive_vs_neutral,amygdala_R,-0.478890597820282
247,247,247,247,247,sub-0021,negative_vs_positive,amygdala_R,0.0250709764659404
248,248,248,248,248,sub-0021,emotion_vs_neutral,dmPFC,-0.1049592047929763
249,249,249,249,249,sub-0021,negative_vs_neutral,dmPFC,-0.295508474111557
250,250,250,250,250,sub-0021,positive_vs_neutral,dmPFC,0.0855900719761848
251,251,251,251,251,sub-0021,negative_vs_positive,dmPFC,-0.381098598241806
252,252,252,252,252,sub-0024,emotion_vs_neutral,amygdala_L,0.4318932592868805
253,253,253,253,253,sub-0024,negative_vs_neutral,amygdala_L,0.4344299435615539
254,254,254,254,254,sub-0024,positive_vs_neutral,amygdala_L,0.4293566644191742
255,255,255,255,255,sub-0024,negative_vs_positive,amygdala_L,0.005073320120573
256,256,256,256,256,sub-0024,emotion_vs_neutral,amygdala_R,0.0851442590355873
257,257,257,257,257,sub-0024,negative_vs_neutral,amygdala_R,0.2488238662481308
258,258,258,258,258,sub-0024,positive_vs_neutral,amygdala_R,-0.0785353481769561
259,259,259,259,259,sub-0024,negative_vs_positive,amygdala_R,0.3273591995239258
260,260,260,260,260,sub-0024,emotion_vs_neutral,dmPFC,0.3222635984420776
261,261,261,261,261,sub-0024,negative_vs_neutral,dmPFC,0.2921566069126129
262,262,262,262,262,sub-0024,positive_vs_neutral,dmPFC,0.3523706197738647
263,263,263,263,263,sub-0024,negative_vs_positive,dmPFC,-0.0602140203118324
264,264,264,264,264,sub-0025,emotion_vs_neutral,amygdala_L,0.4847637116909027
265,265,265,265,265,sub-0025,negative_vs_neutral,amygdala_L,0.6130301356315613
266,266,266,266,266,sub-0025,positive_vs_neutral,amygdala_L,0.3564973175525665
267,267,267,267,267,sub-0025,negative_vs_positive,amygdala_L,0.2565327882766723
268,268,268,268,268,sub-0025,emotion_vs_neutral,amygdala_R,0.6960358619689941
269,269,269,269,269,sub-0025,negative_vs_neutral,amygdala_R,0.6000865697860718
270,270,270,270,270,sub-0025,positive_vs_neutral,amygdala_R,0.791985273361206
271,271,271,271,271,sub-0025,negative_vs_positive,amygdala_R,-0.1918987035751342
272,272,272,272,272,sub-0025,emotion_vs_neutral,dmPFC,-0.1139518693089485
273,273,273,273,273,sub-0025,negative_vs_neutral,dmPFC,0.022694818675518
274,274,274,274,274,sub-0025,positive_vs_neutral,dmPFC,-0.2505985498428345
275,275,275,275,275,sub-0025,negative_vs_positive,dmPFC,0.2732933759689331
276,276,276,276,276,sub-0026,emotion_vs_neutral,amygdala_L,-0.2491212487220764
277,277,277,277,277,sub-0026,negative_vs_neutral,amygdala_L,-0.0097683276981115
278,278,278,278,278,sub-0026,positive_vs_neutral,amygdala_L,-0.4884741604328155
279,279,279,279,279,sub-0026,negative_vs_positive,amygdala_L,0.478705883026123
280,280,280,280,280,sub-0026,emotion_vs_neutral,amygdala_R,-0.1307860612869262
281,281,281,281,281,sub-0026,negative_vs_neutral,amygdala_R,-0.1437657475471496
282,282,282,282,282,sub-0026,positive_vs_neutral,amygdala_R,-0.1178063750267028
283,283,283,283,283,sub-0026,negative_vs_positive,amygdala_R,-0.0259593836963176
284,284,284,284,284,sub-0026,emotion_vs_neutral,dmPFC,-0.5707266330718994
285,285,285,285,285,sub-0026,negative_vs_neutral,dmPFC,-0.6779377460479736
286,286,286,286,286,sub-0026,positive_vs_neutral,dmPFC,-0.4635155498981476
287,287,287,287,287,sub-0026,negative_vs_positive,dmPFC,-0.214422196149826
288,288,288,288,288,sub-0027,emotion_vs_neutral,amygdala_L,-0.4857172071933746
289,289,289,289,289,sub-0027,negative_vs_neutral,amygdala_L,-0.3110358715057373
290,290,290,290,290,sub-0027,positive_vs_neutral,amygdala_L,-0.6603986620903015
291,291,291,291,291,sub-0027,negative_vs_positive,amygdala_L,0.3493627607822418
292,292,292,292,292,sub-0027,emotion_vs_neutral,amygdala_R,-0.8149939775466919
293,293,293,293,293,sub-0027,negative_vs_neutral,amygdala_R,-0.6272252202033997
294,294,294,294,294,sub-0027,positive_vs_neutral,amygdala_R,-1.0027626752853394
295,295,295,295,295,sub-0027,negative_vs_positive,amygdala_R,0.3755374550819397
296,296,296,296,296,sub-0027,emotion_vs_neutral,dmPFC,-1.098305344581604
297,297,297,297,297,sub-0027,negative_vs_neutral,dmPFC,-1.14867103099823
298,298,298,298,298,sub-0027,positive_vs_neutral,dmPFC,-1.0479397773742676
299,299,299,299,299,sub-0027,negative_vs_positive,dmPFC,-0.1007313951849937
300,300,300,300,300,sub-0028,emotion_vs_neutral,amygdala_L,0.3174392879009247
301,301,301,301,301,sub-0028,negative_vs_neutral,amygdala_L,0.3474125266075134
302,302,302,302,302,sub-0028,positive_vs_neutral,amygdala_L,0.2874660789966583
303,303,303,303,303,sub-0028,negative_vs_positive,amygdala_L,0.0599464625120162
304,304,304,304,304,sub-0028,emotion_vs_neutral,amygdala_R,0.338584154844284
305,305,305,305,305,sub-0028,negative_vs_neutral,amygdala_R,0.2597295343875885
306,306,306,306,306,sub-0028,positive_vs_neutral,amygdala_R,0.4174387454986572
307,307,307,307,307,sub-0028,negative_vs_positive,amygdala_R,-0.1577091962099075
308,308,308,308,308,sub-0028,emotion_vs_neutral,dmPFC,0.1013359874486923
309,309,309,309,309,sub-0028,negative_vs_neutral,dmPFC,0.2352512925863266
310,310,310,310,310,sub-0028,positive_vs_neutral,dmPFC,-0.032579343765974
311,311,311,311,311,sub-0028,negative_vs_positive,dmPFC,0.2678306400775909
312,312,312,312,312,sub-0029,emotion_vs_neutral,amygdala_L,-0.2918439209461212
313,313,313,313,313,sub-0029,negative_vs_neutral,amygdala_L,-0.3631359338760376
314,314,314,314,314,sub-0029,positive_vs_neutral,amygdala_L,-0.2205519080162048
315,315,315,315,315,sub-0029,negative_vs_positive,amygdala_L,-0.1425840556621551
316,316,316,316,316,sub-0029,emotion_vs_neutral,amygdala_R,-0.1525264680385589
317,317,317,317,317,sub-0029,negative_vs_neutral,amygdala_R,-0.2101941853761673
318,318,318,318,318,sub-0029,positive_vs_neutral,amygdala_R,-0.0948587581515312
319,319,319,319,319,sub-0029,negative_vs_positive,amygdala_R,-0.1153354048728942
320,320,320,320,320,sub-0029,emotion_vs_neutral,dmPFC,-0.8424522280693054
321,321,321,321,321,sub-0029,negative_vs_neutral,dmPFC,-1.2473571300506592
322,322,322,322,322,sub-0029,positive_vs_neutral,dmPFC,-0.4375472366809845
323,323,323,323,323,sub-0029,negative_vs_positive,dmPFC,-0.8098098039627075
324,324,324,324,324,sub-0030,emotion_vs_neutral,amygdala_L,-0.4520435035228729
325,325,325,325,325,sub-0030,negative_vs_neutral,amygdala_L,-0.5299537181854248
326,326,326,326,326,sub-0030,positive_vs_neutral,amygdala_L,-0.3741333484649658
327,327,327,327,327,sub-0030,negative_vs_positive,amygdala_L,-0.1558203399181366
328,328,328,328,328,sub-0030,emotion_vs_neutral,amygdala_R,0.094733752310276
329,329,329,329,329,sub-0030,negative_vs_neutral,amygdala_R,-0.0473800301551818
330,330,330,330,330,sub-0030,positive_vs_neutral,amygdala_R,0.2368475347757339
331,331,331,331,331,sub-0030,negative_vs_positive,amygdala_R,-0.284227579832077
332,332,332,332,332,sub-0030,emotion_vs_neutral,dmPFC,0.0731411650776863
333,333,333,333,333,sub-0030,negative_vs_neutral,dmPFC,-0.2259106338024139
334,334,334,334,334,sub-0030,positive_vs_neutral,dmPFC,0.372192919254303
335,335,335,335,335,sub-0030,negative_vs_positive,dmPFC,-0.5981035232543945
336,336,336,336,336,sub-0031,emotion_vs_neutral,amygdala_L,0.4588844180107116
337,337,337,337,337,sub-0031,negative_vs_neutral,amygdala_L,0.4120294451713562
338,338,338,338,338,sub-0031,positive_vs_neutral,amygdala_L,0.5057393908500671
339,339,339,339,339,sub-0031,negative_vs_positive,amygdala_L,-0.0937099158763885
340,340,340,340,340,sub-0031,emotion_vs_neutral,amygdala_R,0.2749374806880951
341,341,341,341,341,sub-0031,negative_vs_neutral,amygdala_R,0.1017826721072197
342,342,342,342,342,sub-0031,positive_vs_neutral,amygdala_R,0.448092371225357
343,343,343,343,343,sub-0031,negative_vs_positive,amygdala_R,-0.3463096022605896
344,344,344,344,344,sub-0031,emotion_vs_neutral,dmPFC,-0.0317054577171802
345,345,345,345,345,sub-0031,negative_vs_neutral,dmPFC,0.0316466130316257
346,346,346,346,346,sub-0031,positive_vs_neutral,dmPFC,-0.0950575247406959
347,347,347,347,347,sub-0031,negative_vs_positive,dmPFC,0.1267041563987732
348,348,348,348,348,sub-0033,emotion_vs_neutral,amygdala_L,0.2276718467473983
349,349,349,349,349,sub-0033,negative_vs_neutral,amygdala_L,0.1628797650337219
350,350,350,350,350,sub-0033,positive_vs_neutral,amygdala_L,0.2924639582633972
351,351,351,351,351,sub-0033,negative_vs_positive,amygdala_L,-0.1295841932296753
352,352,352,352,352,sub-0033,emotion_vs_neutral,amygdala_R,-0.2689153552055359
353,353,353,353,353,sub-0033,negative_vs_neutral,amygdala_R,-0.2863402068614959
354,354,354,354,354,sub-0033,positive_vs_neutral,amygdala_R,-0.2514905035495758
355,355,355,355,355,sub-0033,negative_vs_positive,amygdala_R,-0.0348497405648231
356,356,356,356,356,sub-0033,emotion_vs_neutral,dmPFC,0.2935562133789062
357,357,357,357,357,sub-0033,negative_vs_neutral,dmPFC,0.5109965801239014
358,358,358,358,358,sub-0033,positive_vs_neutral,dmPFC,0.0761157944798469
359,359,359,359,359,sub-0033,negative_vs_positive,dmPFC,0.4348807334899902
360,360,360,360,360,sub-0034,emotion_vs_neutral,amygdala_L,0.1964704543352127
361,361,361,361,361,sub-0034,negative_vs_neutral,amygdala_L,0.3336965441703796
362,362,362,362,362,sub-0034,positive_vs_neutral,amygdala_L,0.0592444092035293
363,363,363,363,363,sub-0034,negative_vs_positive,amygdala_L,0.2744521498680115
364,364,364,364,364,sub-0034,emotion_vs_neutral,amygdala_R,0.3352832198143005
365,365,365,365,365,sub-0034,negative_vs_neutral,amygdala_R,0.6034781336784363
366,366,366,366,366,sub-0034,positive_vs_neutral,amygdala_R,0.0670883283019065
367,367,367,367,367,sub-0034,negative_vs_positive,amygdala_R,0.5363898277282715
368,368,368,368,368,sub-0034,emotion_vs_neutral,dmPFC,-0.762310266494751
369,369,369,369,369,sub-0034,negative_vs_neutral,dmPFC,-0.2773880660533905
370,370,370,370,370,sub-0034,positive_vs_neutral,dmPFC,-1.2472323179244995
371,371,371,371,371,sub-0034,negative_vs_positive,dmPFC,0.9698442816734314
372,372,372,372,372,sub-0035,emotion_vs_neutral,amygdala_L,-0.3434586822986603
373,373,373,373,373,sub-0035,negative_vs_neutral,amygdala_L,-0.3729420006275177
374,374,374,374,374,sub-0035,positive_vs_neutral,amygdala_L,-0.3139753341674804
375,375,375,375,375,sub-0035,negative_vs_positive,amygdala_L,-0.0589666366577148
376,376,376,376,376,sub-0035,emotion_vs_neutral,amygdala_R,0.5689139366149902
377,377,377,377,377,sub-0035,negative_vs_neutral,amygdala_R,0.4377079606056213
378,378,378,378,378,sub-0035,positive_vs_neutral,amygdala_R,0.7001198530197144
379,379,379,379,379,sub-0035,negative_vs_positive,amygdala_R,-0.2624119818210602
380,380,380,380,380,sub-0035,emotion_vs_neutral,dmPFC,-0.0021046518813818
381,381,381,381,381,sub-0035,negative_vs_neutral,dmPFC,-0.0880815088748931
382,382,382,382,382,sub-0035,positive_vs_neutral,dmPFC,0.0838722065091133
383,383,383,383,383,sub-0035,negative_vs_positive,dmPFC,-0.1719537228345871
384,384,384,384,384,sub-0036,emotion_vs_neutral,amygdala_L,0.1134266182780265
385,385,385,385,385,sub-0036,negative_vs_neutral,amygdala_L,0.0180941745638847
386,386,386,386,386,sub-0036,positive_vs_neutral,amygdala_L,0.2087590992450714
387,387,387,387,387,sub-0036,negative_vs_positive,amygdala_L,-0.190664917230606
388,388,388,388,388,sub-0036,emotion_vs_neutral,amygdala_R,-0.386425644159317
389,389,389,389,389,sub-0036,negative_vs_neutral,amygdala_R,-0.4879792034626007
390,390,390,390,390,sub-0036,positive_vs_neutral,amygdala_R,-0.2848720848560333
391,391,391,391,391,sub-0036,negative_vs_positive,amygdala_R,-0.2031070590019226
392,392,392,392,392,sub-0036,emotion_vs_neutral,dmPFC,0.1347799450159073
393,393,393,393,393,sub-0036,negative_vs_neutral,dmPFC,-0.3015121221542358
394,394,394,394,394,sub-0036,positive_vs_neutral,dmPFC,0.5710720419883728
395,395,395,395,395,sub-0036,negative_vs_positive,dmPFC,-0.8725841045379639
396,396,396,396,396,sub-0037,emotion_vs_neutral,amygdala_L,-0.2804396748542785
397,397,397,397,397,sub-0037,negative_vs_neutral,amygdala_L,-0.1777472048997879
398,398,398,398,398,sub-0037,positive_vs_neutral,amygdala_L,-0.383132129907608
399,399,399,399,399,sub-0037,negative_vs_positive,amygdala_L,0.2053849548101425
400,400,400,400,400,sub-0037,emotion_vs_neutral,amygdala_R,-0.7968506813049316
401,401,401,401,401,sub-0037,negative_vs_neutral,amygdala_R,-0.6611984372138977
402,402,402,402,402,sub-0037,positive_vs_neutral,amygdala_R,-0.9325028657913208
403,403,403,403,403,sub-0037,negative_vs_positive,amygdala_R,0.2713044583797455
404,404,404,404,404,sub-0037,emotion_vs_neutral,dmPFC,-0.4478942155838012
405,405,405,405,405,sub-0037,negative_vs_neutral,dmPFC,-0.3483249843120575
406,406,406,406,406,sub-0037,positive_vs_neutral,dmPFC,-0.5474634170532227
407,407,407,407,407,sub-0037,negative_vs_positive,dmPFC,0.1991384327411651
408,408,408,408,408,sub-0038,emotion_vs_neutral,amygdala_L,0.317063421010971
409,409,409,409,409,sub-0038,negative_vs_neutral,amygdala_L,0.2877563238143921
410,410,410,410,410,sub-0038,positive_vs_neutral,amygdala_L,0.3463705480098724
411,411,411,411,411,sub-0038,negative_vs_positive,amygdala_L,-0.0586142390966415
412,412,412,412,412,sub-0038,emotion_vs_neutral,amygdala_R,-0.2055620849132537
413,413,413,413,413,sub-0038,negative_vs_neutral,amygdala_R,0.0457618236541748
414,414,414,414,414,sub-0038,positive_vs_neutral,amygdala_R,-0.45688596367836
415,415,415,415,415,sub-0038,negative_vs_positive,amygdala_R,0.5026477575302124
416,416,416,416,416,sub-0038,emotion_vs_neutral,dmPFC,-0.2431908696889877
417,417,417,417,417,sub-0038,negative_vs_neutral,dmPFC,-0.0893574655055999
418,418,418,418,418,sub-0038,positive_vs_neutral,dmPFC,-0.3970243036746979
419,419,419,419,419,sub-0038,negative_vs_positive,dmPFC,0.3076668083667755
420,420,420,420,420,sub-0039,emotion_vs_neutral,amygdala_L,-0.0243729632347822
421,421,421,421,421,sub-0039,negative_vs_neutral,amygdala_L,0.1393845826387405
422,422,422,422,422,sub-0039,positive_vs_neutral,amygdala_L,-0.188130497932434
423,423,423,423,423,sub-0039,negative_vs_positive,amygdala_L,0.3275150954723358
424,424,424,424,424,sub-0039,emotion_vs_neutral,amygdala_R,0.5102499723434448
425,425,425,425,425,sub-0039,negative_vs_neutral,amygdala_R,0.6479727625846863
426,426,426,426,426,sub-0039,positive_vs_neutral,amygdala_R,0.3725271821022033
427,427,427,427,427,sub-0039,negative_vs_positive,amygdala_R,0.2754455208778381
428,428,428,428,428,sub-0039,emotion_vs_neutral,dmPFC,0.7042995691299438
429,429,429,429,429,sub-0039,negative_vs_neutral,dmPFC,0.8263491988182068
430,430,430,430,430,sub-0039,positive_vs_neutral,dmPFC,0.5822499394416809
431,431,431,431,431,sub-0039,negative_vs_positive,dmPFC,0.244099274277687
432,432,432,432,432,sub-0040,emotion_vs_neutral,amygdala_L,0.3341831266880035
433,433,433,433,433,sub-0040,negative_vs_neutral,amygdala_L,0.3010953962802887
434,434,434,434,434,sub-0040,positive_vs_neutral,amygdala_L,0.3672709167003631
435,435,435,435,435,sub-0040,negative_vs_positive,amygdala_L,-0.066175527870655
436,436,436,436,436,sub-0040,emotion_vs_neutral,amygdala_R,0.3764615654945373
437,437,437,437,437,sub-0040,negative_vs_neutral,amygdala_R,0.3736487030982971
438,438,438,438,438,sub-0040,positive_vs_neutral,amygdala_R,0.3792744278907776
439,439,439,439,439,sub-0040,negative_vs_positive,amygdala_R,-0.0056257196702063
440,440,440,440,440,sub-0040,emotion_vs_neutral,dmPFC,0.2370674461126327
441,441,441,441,441,sub-0040,negative_vs_neutral,dmPFC,0.27719247341156
442,442,442,442,442,sub-0040,positive_vs_neutral,dmPFC,0.1969424486160278
443,443,443,443,443,sub-0040,negative_vs_positive,dmPFC,0.0802499875426292
444,444,444,444,444,sub-0041,emotion_vs_neutral,amygdala_L,0.784257709980011
445,445,445,445,445,sub-0041,negative_vs_neutral,amygdala_L,0.3681155145168304
446,446,446,446,446,sub-0041,positive_vs_neutral,amygdala_L,1.2004001140594482
447,447,447,447,447,sub-0041,negative_vs_positive,amygdala_L,-0.8322844505310059
448,448,448,448,448,sub-0041,emotion_vs_neutral,amygdala_R,0.1387428939342498
449,449,449,449,449,sub-0041,negative_vs_neutral,amygdala_R,0.0408646278083324
450,450,450,450,450,sub-0041,positive_vs_neutral,amygdala_R,0.2366211116313934
451,451,451,451,451,sub-0041,negative_vs_positive,amygdala_R,-0.1957565546035766
452,452,452,452,452,sub-0041,emotion_vs_neutral,dmPFC,-0.2870085537433624
453,453,453,453,453,sub-0041,negative_vs_neutral,dmPFC,-0.3206744790077209
454,454,454,454,454,sub-0041,positive_vs_neutral,dmPFC,-0.2533425986766815
455,455,455,455,455,sub-0041,negative_vs_positive,dmPFC,-0.0673318803310394
456,456,456,456,456,sub-0042,emotion_vs_neutral,amygdala_L,0.236060082912445
457,457,457,457,457,sub-0042,negative_vs_neutral,amygdala_L,0.1371943205595016
458,458,458,458,458,sub-0042,positive_vs_neutral,amygdala_L,0.3349258303642273
459,459,459,459,459,sub-0042,negative_vs_positive,amygdala_L,-0.1977315545082092
460,460,460,460,460,sub-0042,emotion_vs_neutral,amygdala_R,-0.0515554249286651
461,461,461,461,461,sub-0042,negative_vs_neutral,amygdala_R,-0.0646882951259613
462,462,462,462,462,sub-0042,positive_vs_neutral,amygdala_R,-0.038422554731369
463,463,463,463,463,sub-0042,negative_vs_positive,amygdala_R,-0.0262657403945922
464,464,464,464,464,sub-0042,emotion_vs_neutral,dmPFC,0.5095027089118958
465,465,465,465,465,sub-0042,negative_vs_neutral,dmPFC,0.5112061500549316
466,466,466,466,466,sub-0042,positive_vs_neutral,dmPFC,0.5077990889549255
467,467,467,467,467,sub-0042,negative_vs_positive,dmPFC,0.0034071302507072
468,468,468,468,468,sub-0043,emotion_vs_neutral,amygdala_L,-0.6200224161148071
469,469,469,469,469,sub-0043,negative_vs_neutral,amygdala_L,-0.7594629526138306
470,470,470,470,470,sub-0043,positive_vs_neutral,amygdala_L,-0.4805819988250732
471,471,471,471,471,sub-0043,negative_vs_positive,amygdala_L,-0.2788809835910797
472,472,472,472,472,sub-0043,emotion_vs_neutral,amygdala_R,0.025571271777153
473,473,473,473,473,sub-0043,negative_vs_neutral,amygdala_R,-0.132937803864479
474,474,474,474,474,sub-0043,positive_vs_neutral,amygdala_R,0.1840803474187851
475,475,475,475,475,sub-0043,negative_vs_positive,amygdala_R,-0.3170181512832641
476,476,476,476,476,sub-0043,emotion_vs_neutral,dmPFC,0.5532054901123047
477,477,477,477,477,sub-0043,negative_vs_neutral,dmPFC,0.7749689817428589
478,478,478,478,478,sub-0043,positive_vs_neutral,dmPFC,0.3314419090747833
479,479,479,479,479,sub-0043,negative_vs_positive,dmPFC,0.4435270726680755
480,480,480,480,480,sub-0044,emotion_vs_neutral,amygdala_L,-0.5161232948303223
481,481,481,481,481,sub-0044,negative_vs_neutral,amygdala_L,-0.8366164565086365
482,482,482,482,482,sub-0044,positive_vs_neutral,amygdala_L,-0.1956302523612976
483,483,483,483,483,sub-0044,negative_vs_positive,amygdala_L,-0.6409861445426941
484,484,484,484,484,sub-0044,emotion_vs_neutral,amygdala_R,-0.1443708837032318
485,485,485,485,485,sub-0044,negative_vs_neutral,amygdala_R,-0.1774975359439849
486,486,486,486,486,sub-0044,positive_vs_neutral,amygdala_R,-0.1112442463636398
487,487,487,487,487,sub-0044,negative_vs_positive,amygdala_R,-0.0662532970309257
488,488,488,488,488,sub-0044,emotion_vs_neutral,dmPFC,-0.1466702371835708
489,489,489,489,489,sub-0044,negative_vs_neutral,dmPFC,-0.1858535557985305
490,490,490,490,490,sub-0044,positive_vs_neutral,dmPFC,-0.1074869409203529
491,491,491,491,491,sub-0044,negative_vs_positive,dmPFC,-0.0783666148781776
492,492,492,492,492,sub-0045,emotion_vs_neutral,amygdala_L,-0.1991810351610183
493,493,493,493,493,sub-0045,negative_vs_neutral,amygdala_L,-0.5208377838134766
494,494,494,494,494,sub-0045,positive_vs_neutral,amygdala_L,0.122475728392601
495,495,495,495,495,sub-0045,negative_vs_positive,amygdala_L,-0.6433135271072388
496,496,496,496,496,sub-0045,emotion_vs_neutral,amygdala_R,-0.0969054028391838
497,497,497,497,497,sub-0045,negative_vs_neutral,amygdala_R,-0.3689371645450592
498,498,498,498,498,sub-0045,positive_vs_neutral,amygdala_R,0.1751263588666916
499,499,499,499,499,sub-0045,negative_vs_positive,amygdala_R,-0.5440635085105896
500,500,500,500,500,sub-0045,emotion_vs_neutral,dmPFC,0.1768941581249237
501,501,501,501,501,sub-0045,negative_vs_neutral,dmPFC,0.1030211374163627
502,502,502,502,502,sub-0045,positive_vs_neutral,dmPFC,0.2507672011852264
503,503,503,503,503,sub-0045,negative_vs_positive,dmPFC,-0.1477460861206054
504,504,504,504,504,sub-0046,emotion_vs_neutral,amygdala_L,0.1850988566875457
505,505,505,505,505,sub-0046,negative_vs_neutral,amygdala_L,0.557793140411377
506,506,506,506,506,sub-0046,positive_vs_neutral,amygdala_L,-0.1875954121351242
507,507,507,507,507,sub-0046,negative_vs_positive,amygdala_L,0.7453885674476624
508,508,508,508,508,sub-0046,emotion_vs_neutral,amygdala_R,0.3074486255645752
509,509,509,509,509,sub-0046,negative_vs_neutral,amygdala_R,0.6288056969642639
510,510,510,510,510,sub-0046,positive_vs_neutral,amygdala_R,-0.0139084188267588
511,511,511,511,511,sub-0046,negative_vs_positive,amygdala_R,0.6427141427993774
512,512,512,512,512,sub-0046,emotion_vs_neutral,dmPFC,-0.2302073389291763
513,513,513,513,513,sub-0046,negative_vs_neutral,dmPFC,-0.1590424478054046
514,514,514,514,514,sub-0046,positive_vs_neutral,dmPFC,-0.3013722002506256
515,515,515,515,515,sub-0046,negative_vs_positive,dmPFC,0.1423297226428985
516,516,516,516,516,sub-0047,emotion_vs_neutral,amygdala_L,-0.2466582208871841
517,517,517,517,517,sub-0047,negative_vs_neutral,amygdala_L,-0.2720052897930145
518,518,518,518,518,sub-0047,positive_vs_neutral,amygdala_L,-0.2213111370801925
519,519,519,519,519,sub-0047,negative_vs_positive,amygdala_L,-0.0506941564381122
520,520,520,520,520,sub-0047,emotion_vs_neutral,amygdala_R,-0.3533206284046173
521,521,521,521,521,sub-0047,negative_vs_neutral,amygdala_R,-0.6953634023666382
522,522,522,522,522,sub-0047,positive_vs_neutral,amygdala_R,-0.0112779093906283
523,523,523,523,523,sub-0047,negative_vs_positive,amygdala_R,-0.684085488319397
524,524,524,524,524,sub-0047,emotion_vs_neutral,dmPFC,0.009014818817377
525,525,525,525,525,sub-0047,negative_vs_neutral,dmPFC,-0.0594804249703884
526,526,526,526,526,sub-0047,positive_vs_neutral,dmPFC,0.0775100216269493
527,527,527,527,527,sub-0047,negative_vs_positive,dmPFC,-0.1369904577732086
528,528,528,528,528,sub-0048,emotion_vs_neutral,amygdala_L,0.3038957715034485
529,529,529,529,529,sub-0048,negative_vs_neutral,amygdala_L,0.1336615979671478
530,530,530,530,530,sub-0048,positive_vs_neutral,amygdala_L,0.4741300046443939
531,531,531,531,531,sub-0048,negative_vs_positive,amygdala_L,-0.3404684066772461
532,532,532,532,532,sub-0048,emotion_vs_neutral,amygdala_R,-0.263226568698883
533,533,533,533,533,sub-0048,negative_vs_neutral,amygdala_R,-0.3880294561386108
534,534,534,534,534,sub-0048,positive_vs_neutral,amygdala_R,-0.1384236961603164
535,535,535,535,535,sub-0048,negative_vs_positive,amygdala_R,-0.2496057450771331
536,536,536,536,536,sub-0048,emotion_vs_neutral,dmPFC,0.1533826887607574
537,537,537,537,537,sub-0048,negative_vs_neutral,dmPFC,0.1953258663415908
538,538,538,538,538,sub-0048,positive_vs_neutral,dmPFC,0.1114395409822464
539,539,539,539,539,sub-0048,negative_vs_positive,dmPFC,0.0838863179087638
540,540,540,540,540,sub-0049,emotion_vs_neutral,amygdala_L,0.2058867365121841
541,541,541,541,541,sub-0049,negative_vs_neutral,amygdala_L,0.4009255468845367
542,542,542,542,542,sub-0049,positive_vs_neutral,amygdala_L,0.0108479801565408
543,543,543,543,543,sub-0049,negative_vs_positive,amygdala_L,0.390077531337738
544,544,544,544,544,sub-0049,emotion_vs_neutral,amygdala_R,0.421947032213211
545,545,545,545,545,sub-0049,negative_vs_neutral,amygdala_R,0.4643811583518982
546,546,546,546,546,sub-0049,positive_vs_neutral,amygdala_R,0.3795129656791687
547,547,547,547,547,sub-0049,negative_vs_positive,amygdala_R,0.0848682075738906
548,548,548,548,548,sub-0049,emotion_vs_neutral,dmPFC,-0.5667949914932251
549,549,549,549,549,sub-0049,negative_vs_neutral,dmPFC,-0.6271064877510071
550,550,550,550,550,sub-0049,positive_vs_neutral,dmPFC,-0.5064834952354431
551,551,551,551,551,sub-0049,negative_vs_positive,dmPFC,-0.1206230223178863
552,552,552,552,552,sub-0050,emotion_vs_neutral,amygdala_L,-0.1568912118673324
553,553,553,553,553,sub-0050,negative_vs_neutral,amygdala_L,-0.0863450616598129
554,554,554,554,554,sub-0050,positive_vs_neutral,amygdala_L,-0.2274373471736908
555,555,555,555,555,sub-0050,negative_vs_positive,amygdala_L,0.141092300415039
556,556,556,556,556,sub-0050,emotion_vs_neutral,amygdala_R,0.063414879143238
557,557,557,557,557,sub-0050,negative_vs_neutral,amygdala_R,0.1227516755461692
558,558,558,558,558,sub-0050,positive_vs_neutral,amygdala_R,0.0040780729614198
559,559,559,559,559,sub-0050,negative_vs_positive,amygdala_R,0.1186736077070236
560,560,560,560,560,sub-0050,emotion_vs_neutral,dmPFC,-0.1882131546735763
561,561,561,561,561,sub-0050,negative_vs_neutral,dmPFC,-0.4133358895778656
562,562,562,562,562,sub-0050,positive_vs_neutral,dmPFC,0.0369095653295517
563,563,563,563,563,sub-0050,negative_vs_positive,dmPFC,-0.4502454400062561
564,564,564,564,564,sub-0051,emotion_vs_neutral,amygdala_L,0.1016852110624313
565,565,565,565,565,sub-0051,negative_vs_neutral,amygdala_L,-0.1499534696340561
566,566,566,566,566,sub-0051,positive_vs_neutral,amygdala_L,0.3533238470554352
567,567,567,567,567,sub-0051,negative_vs_positive,amygdala_L,-0.5032773613929749
568,568,568,568,568,sub-0051,emotion_vs_neutral,amygdala_R,-0.0806023925542831
569,569,569,569,569,sub-0051,negative_vs_neutral,amygdala_R,-0.1835812926292419
570,570,570,570,570,sub-0051,positive_vs_neutral,amygdala_R,0.0223764646798372
571,571,571,571,571,sub-0051,negative_vs_positive,amygdala_R,-0.2059577703475952
572,572,572,572,572,sub-0051,emotion_vs_neutral,dmPFC,0.0370953828096389
573,573,573,573,573,sub-0051,negative_vs_neutral,dmPFC,-0.0330247171223163
574,574,574,574,574,sub-0051,positive_vs_neutral,dmPFC,0.107215479016304
575,575,575,575,575,sub-0051,negative_vs_positive,dmPFC,-0.1402402073144912
576,576,576,576,576,sub-0052,emotion_vs_neutral,amygdala_L,-0.7919328808784485
577,577,577,577,577,sub-0052,negative_vs_neutral,amygdala_L,-0.929118275642395
578,578,578,578,578,sub-0052,positive_vs_neutral,amygdala_L,-0.6547475457191467
579,579,579,579,579,sub-0052,negative_vs_positive,amygdala_L,-0.2743706703186035
580,580,580,580,580,sub-0052,emotion_vs_neutral,amygdala_R,-0.6612230539321899
581,581,581,581,581,sub-0052,negative_vs_neutral,amygdala_R,-0.6821073293685913
582,582,582,582,582,sub-0052,positive_vs_neutral,amygdala_R,-0.6403387784957886
583,583,583,583,583,sub-0052,negative_vs_positive,amygdala_R,-0.0417685210704803
584,584,584,584,584,sub-0052,emotion_vs_neutral,dmPFC,0.028442308306694
585,585,585,585,585,sub-0052,negative_vs_neutral,dmPFC,0.0404127016663551
586,586,586,586,586,sub-0052,positive_vs_neutral,dmPFC,0.0164719112217426
587,587,587,587,587,sub-0052,negative_vs_positive,dmPFC,0.0239407960325479
588,588,588,588,588,sub-0053,emotion_vs_neutral,amygdala_L,-0.0305760335177183
589,589,589,589,589,sub-0053,negative_vs_neutral,amygdala_L,-0.2560084760189056
590,590,590,590,590,sub-0053,positive_vs_neutral,amygdala_L,0.1948564052581787
591,591,591,591,591,sub-0053,negative_vs_positive,amygdala_L,-0.4508649110794067
592,592,592,592,592,sub-0053,emotion_vs_neutral,amygdala_R,-0.0299814790487289
593,593,593,593,593,sub-0053,negative_vs_neutral,amygdala_R,-0.1980095207691192
594,594,594,594,594,sub-0053,positive_vs_neutral,amygdala_R,0.1380465775728225
595,595,595,595,595,sub-0053,negative_vs_positive,amygdala_R,-0.3360560834407806
596,596,596,596,596,sub-0053,emotion_vs_neutral,dmPFC,0.545293927192688
597,597,597,597,597,sub-0053,negative_vs_neutral,dmPFC,0.3611782789230346
598,598,598,598,598,sub-0053,positive_vs_neutral,dmPFC,0.7294095754623413
599,599,599,599,599,sub-0053,negative_vs_positive,dmPFC,-0.368231326341629
600,600,600,600,600,sub-0054,emotion_vs_neutral,amygdala_L,-0.7146552801132202
601,601,601,601,601,sub-0054,negative_vs_neutral,amygdala_L,-0.8607181906700134
602,602,602,602,602,sub-0054,positive_vs_neutral,amygdala_L,-0.5685924291610718
603,603,603,603,603,sub-0054,negative_vs_positive,amygdala_L,-0.2921258211135864
604,604,604,604,604,sub-0054,emotion_vs_neutral,amygdala_R,-0.3669902980327606
605,605,605,605,605,sub-0054,negative_vs_neutral,amygdala_R,-0.2817925810813904
606,606,606,606,606,sub-0054,positive_vs_neutral,amygdala_R,-0.4521880447864532
607,607,607,607,607,sub-0054,negative_vs_positive,amygdala_R,0.1703954488039016
608,608,608,608,608,sub-0054,emotion_vs_neutral,dmPFC,-0.4832473993301391
609,609,609,609,609,sub-0054,negative_vs_neutral,dmPFC,-0.6675772070884705
610,610,610,610,610,sub-0054,positive_vs_neutral,dmPFC,-0.2989175319671631
611,611,611,611,611,sub-0054,negative_vs_positive,dmPFC,-0.3686597049236297
612,612,612,612,612,sub-0055,emotion_vs_neutral,amygdala_L,0.0376057960093021
613,613,613,613,613,sub-0055,negative_vs_neutral,amygdala_L,0.2311637550592422
614,614,614,614,614,sub-0055,positive_vs_neutral,amygdala_L,-0.1559521555900573
615,615,615,615,615,sub-0055,negative_vs_positive,amygdala_L,0.3871158957481384
616,616,616,616,616,sub-0055,emotion_vs_neutral,amygdala_R,0.0834670215845108
617,617,617,617,617,sub-0055,negative_vs_neutral,amygdala_R,0.2596812844276428
618,618,618,618,618,sub-0055,positive_vs_neutral,amygdala_R,-0.0927472561597824
619,619,619,619,619,sub-0055,negative_vs_positive,amygdala_R,0.3524285554885864
620,620,620,620,620,sub-0055,emotion_vs_neutral,dmPFC,-0.2244860082864761
621,621,621,621,621,sub-0055,negative_vs_neutral,dmPFC,-0.1298655122518539
622,622,622,622,622,sub-0055,positive_vs_neutral,dmPFC,-0.3191064894199371
623,623,623,623,623,sub-0055,negative_vs_positive,dmPFC,0.1892410069704055
624,624,624,624,624,sub-0056,emotion_vs_neutral,amygdala_L,-0.1724358350038528
625,625,625,625,625,sub-0056,negative_vs_neutral,amygdala_L,-0.1549325734376907
626,626,626,626,626,sub-0056,positive_vs_neutral,amygdala_L,-0.1899390965700149
627,627,627,627,627,sub-0056,negative_vs_positive,amygdala_L,0.0350065194070339
628,628,628,628,628,sub-0056,emotion_vs_neutral,amygdala_R,-0.3453873693943023
629,629,629,629,629,sub-0056,negative_vs_neutral,amygdala_R,-0.3160098493099212
630,630,630,630,630,sub-0056,positive_vs_neutral,amygdala_R,-0.3747648298740387
631,631,631,631,631,sub-0056,negative_vs_positive,amygdala_R,0.058754988014698
632,632,632,632,632,sub-0056,emotion_vs_neutral,dmPFC,-0.0538338385522365
633,633,633,633,633,sub-0056,negative_vs_neutral,dmPFC,-0.1546122580766677
634,634,634,634,634,sub-0056,positive_vs_neutral,dmPFC,0.0469445697963237
635,635,635,635,635,sub-0056,negative_vs_positive,dmPFC,-0.2015568166971206
636,636,636,636,636,sub-0057,emotion_vs_neutral,amygdala_L,0.2431018650531768
637,637,637,637,637,sub-0057,negative_vs_neutral,amygdala_L,0.115751676261425
638,638,638,638,638,sub-0057,positive_vs_neutral,amygdala_L,0.3704520165920257
639,639,639,639,639,sub-0057,negative_vs_positive,amygdala_L,-0.2547003626823425
640,640,640,640,640,sub-0057,emotion_vs_neutral,amygdala_R,-0.1482426077127456
641,641,641,641,641,sub-0057,negative_vs_neutral,amygdala_R,-0.3181605637073517
642,642,642,642,642,sub-0057,positive_vs_neutral,amygdala_R,0.0216753426939249
643,643,643,643,643,sub-0057,negative_vs_positive,amygdala_R,-0.3398358821868896
644,644,644,644,644,sub-0057,emotion_vs_neutral,dmPFC,0.0523974634706974
645,645,645,645,645,sub-0057,negative_vs_neutral,dmPFC,-0.2162606865167617
646,646,646,646,646,sub-0057,positive_vs_neutral,dmPFC,0.3210556507110595
647,647,647,647,647,sub-0057,negative_vs_positive,dmPFC,-0.5373163223266602
648,648,648,648,648,sub-0058,emotion_vs_neutral,amygdala_L,0.245377168059349
649,649,649,649,649,sub-0058,negative_vs_neutral,amygdala_L,0.3687247335910797
650,650,650,650,650,sub-0058,positive_vs_neutral,amygdala_L,0.1220295801758766
651,651,651,651,651,sub-0058,negative_vs_positive,amygdala_L,0.2466951608657837
652,652,652,652,652,sub-0058,emotion_vs_neutral,amygdala_R,0.1605901420116424
653,653,653,653,653,sub-0058,negative_vs_neutral,amygdala_R,0.2365332096815109
654,654,654,654,654,sub-0058,positive_vs_neutral,amygdala_R,0.0846470445394516
655,655,655,655,655,sub-0058,negative_vs_positive,amygdala_R,0.1518861651420593
656,656,656,656,656,sub-0058,emotion_vs_neutral,dmPFC,-0.7201128005981445
657,657,657,657,657,sub-0058,negative_vs_neutral,dmPFC,-0.5158091187477112
658,658,658,658,658,sub-0058,positive_vs_neutral,dmPFC,-0.924416482448578
659,659,659,659,659,sub-0058,negative_vs_positive,dmPFC,0.4086073338985443
660,660,660,660,660,sub-0059,emotion_vs_neutral,amygdala_L,0.5914403200149536
661,661,661,661,661,sub-0059,negative_vs_neutral,amygdala_L,0.5325837135314941
662,662,662,662,662,sub-0059,positive_vs_neutral,amygdala_L,0.6502968668937683
663,663,663,663,663,sub-0059,negative_vs_positive,amygdala_L,-0.1177132353186607
664,664,664,664,664,sub-0059,emotion_vs_neutral,amygdala_R,0.2348483353853225
665,665,665,665,665,sub-0059,negative_vs_neutral,amygdala_R,0.1995493620634079
666,666,666,666,666,sub-0059,positive_vs_neutral,amygdala_R,0.270147293806076
667,667,667,667,667,sub-0059,negative_vs_positive,amygdala_R,-0.0705979168415069
668,668,668,668,668,sub-0059,emotion_vs_neutral,dmPFC,0.3414953351020813
669,669,669,669,669,sub-0059,negative_vs_neutral,dmPFC,0.597104549407959
670,670,670,670,670,sub-0059,positive_vs_neutral,dmPFC,0.0858860313892364
671,671,671,671,671,sub-0059,negative_vs_positive,dmPFC,0.5112185478210449
672,672,672,672,672,sub-0060,emotion_vs_neutral,amygdala_L,-0.0843748226761818
673,673,673,673,673,sub-0060,negative_vs_neutral,amygdala_L,-0.0806892365217208
674,674,674,674,674,sub-0060,positive_vs_neutral,amygdala_L,-0.0880604088306427
675,675,675,675,675,sub-0060,negative_vs_positive,amygdala_L,0.0073711676523089
676,676,676,676,676,sub-0060,emotion_vs_neutral,amygdala_R,-0.1792848110198974
677,677,677,677,677,sub-0060,negative_vs_neutral,amygdala_R,-0.0330782495439052
678,678,678,678,678,sub-0060,positive_vs_neutral,amygdala_R,-0.3254913985729217
679,679,679,679,679,sub-0060,negative_vs_positive,amygdala_R,0.2924131751060486
680,680,680,680,680,sub-0060,emotion_vs_neutral,dmPFC,-0.0742498636245727
681,681,681,681,681,sub-0060,negative_vs_neutral,dmPFC,-0.2024435847997665
682,682,682,682,682,sub-0060,positive_vs_neutral,dmPFC,0.0539438650012016
683,683,683,683,683,sub-0060,negative_vs_positive,dmPFC,-0.2563874721527099
684,684,684,684,684,sub-0061,emotion_vs_neutral,amygdala_L,-0.3556905686855316
685,685,685,685,685,sub-0061,negative_vs_neutral,amygdala_L,-0.6623936891555786
686,686,686,686,686,sub-0061,positive_vs_neutral,amygdala_L,-0.0489874519407749
687,687,687,687,687,sub-0061,negative_vs_positive,amygdala_L,-0.6134063005447388
688,688,688,688,688,sub-0061,emotion_vs_neutral,amygdala_R,-0.360234260559082
689,689,689,689,689,sub-0061,negative_vs_neutral,amygdala_R,-0.4820222854614258
690,690,690,690,690,sub-0061,positive_vs_neutral,amygdala_R,-0.2384462654590606
691,691,691,691,691,sub-0061,negative_vs_positive,amygdala_R,-0.2435760498046875
692,692,692,692,692,sub-0061,emotion_vs_neutral,dmPFC,-0.0698476731777191
693,693,693,693,693,sub-0061,negative_vs_neutral,dmPFC,-0.1871148645877838
694,694,694,694,694,sub-0061,positive_vs_neutral,dmPFC,0.0474195480346679
695,695,695,695,695,sub-0061,negative_vs_positive,dmPFC,-0.2345343977212906
696,696,696,696,696,sub-0062,emotion_vs_neutral,amygdala_L,-0.265802651643753
697,697,697,697,697,sub-0062,negative_vs_neutral,amygdala_L,-0.3941900134086609
698,698,698,698,698,sub-0062,positive_vs_neutral,amygdala_L,-0.137415274977684
699,699,699,699,699,sub-0062,negative_vs_positive,amygdala_L,-0.2567747831344604
700,700,700,700,700,sub-0062,emotion_vs_neutral,amygdala_R,-0.3507104218006134
701,701,701,701,701,sub-0062,negative_vs_neutral,amygdala_R,-0.6325299143791199
702,702,702,702,702,sub-0062,positive_vs_neutral,amygdala_R,-0.0688909441232681
703,703,703,703,703,sub-0062,negative_vs_positive,amygdala_R,-0.5636389255523682
704,704,704,704,704,sub-0062,emotion_vs_neutral,dmPFC,0.5607319474220276
705,705,705,705,705,sub-0062,negative_vs_neutral,dmPFC,0.5578698515892029
706,706,706,706,706,sub-0062,positive_vs_neutral,dmPFC,0.5635939240455627
707,707,707,707,707,sub-0062,negative_vs_positive,dmPFC,-0.0057239830493927
708,708,708,708,708,sub-0063,emotion_vs_neutral,amygdala_L,-0.300022691488266
709,709,709,709,709,sub-0063,negative_vs_neutral,amygdala_L,-0.1783728450536728
710,710,710,710,710,sub-0063,positive_vs_neutral,amygdala_L,-0.4216725528240204
711,711,711,711,711,sub-0063,negative_vs_positive,amygdala_L,0.2432997226715088
712,712,712,712,712,sub-0063,emotion_vs_neutral,amygdala_R,-0.1030588373541832
713,713,713,713,713,sub-0063,negative_vs_neutral,amygdala_R,-0.0173016153275966
714,714,714,714,714,sub-0063,positive_vs_neutral,amygdala_R,-0.1888160407543182
715,715,715,715,715,sub-0063,negative_vs_positive,amygdala_R,0.17151440680027
716,716,716,716,716,sub-0063,emotion_vs_neutral,dmPFC,-0.1163488924503326
717,717,717,717,717,sub-0063,negative_vs_neutral,dmPFC,-0.2860238552093506
718,718,718,718,718,sub-0063,positive_vs_neutral,dmPFC,0.0533260740339756
719,719,719,719,719,sub-0063,negative_vs_positive,dmPFC,-0.3393499255180359
720,720,720,720,720,sub-0064,emotion_vs_neutral,amygdala_L,-0.6998565196990967
721,721,721,721,721,sub-0064,negative_vs_neutral,amygdala_L,-0.7112786769866943
722,722,722,722,722,sub-0064,positive_vs_neutral,amygdala_L,-0.688434362411499
723,723,723,723,723,sub-0064,negative_vs_positive,amygdala_L,-0.0228442884981632
724,724,724,724,724,sub-0064,emotion_vs_neutral,amygdala_R,-1.1092664003372192
725,725,725,725,725,sub-0064,negative_vs_neutral,amygdala_R,-1.0316617488861084
726,726,726,726,726,sub-0064,positive_vs_neutral,amygdala_R,-1.18687105178833
727,727,727,727,727,sub-0064,negative_vs_positive,amygdala_R,0.1552093774080276
728,728,728,728,728,sub-0064,emotion_vs_neutral,dmPFC,-0.7785504460334778
729,729,729,729,729,sub-0064,negative_vs_neutral,dmPFC,-0.768886148929596
730,730,730,730,730,sub-0064,positive_vs_neutral,dmPFC,-0.7882147431373596
731,731,731,731,731,sub-0064,negative_vs_positive,dmPFC,0.0193286202847957
732,732,732,732,732,sub-0065,emotion_vs_neutral,amygdala_L,0.0240486953407526
733,733,733,733,733,sub-0065,negative_vs_neutral,amygdala_L,0.1007375419139862
734,734,734,734,734,sub-0065,positive_vs_neutral,amygdala_L,-0.0526401661336422
735,735,735,735,735,sub-0065,negative_vs_positive,amygdala_L,0.1533777117729187
736,736,736,736,736,sub-0065,emotion_vs_neutral,amygdala_R,0.4340226650238037
737,737,737,737,737,sub-0065,negative_vs_neutral,amygdala_R,0.4320404529571533
738,738,738,738,738,sub-0065,positive_vs_neutral,amygdala_R,0.4360048770904541
739,739,739,739,739,sub-0065,negative_vs_positive,amygdala_R,-0.0039643547497689
740,740,740,740,740,sub-0065,emotion_vs_neutral,dmPFC,0.3231562376022339
741,741,741,741,741,sub-0065,negative_vs_neutral,dmPFC,0.8181551694869995
742,742,742,742,742,sub-0065,positive_vs_neutral,dmPFC,-0.1718426644802093
743,743,743,743,743,sub-0065,negative_vs_positive,dmPFC,0.9899978041648864
744,744,744,744,744,sub-0066,emotion_vs_neutral,amygdala_L,0.4363717138767242
745,745,745,745,745,sub-0066,negative_vs_neutral,amygdala_L,0.3154750168323517
746,746,746,746,746,sub-0066,positive_vs_neutral,amygdala_L,0.5572684407234192
747,747,747,747,747,sub-0066,negative_vs_positive,amygdala_L,-0.2417934238910675
748,748,748,748,748,sub-0066,emotion_vs_neutral,amygdala_R,0.1287687271833419
749,749,749,749,749,sub-0066,negative_vs_neutral,amygdala_R,0.0937443599104881
750,750,750,750,750,sub-0066,positive_vs_neutral,amygdala_R,0.163793072104454
751,751,751,751,751,sub-0066,negative_vs_positive,amygdala_R,-0.0700487121939659
752,752,752,752,752,sub-0066,emotion_vs_neutral,dmPFC,1.7141025066375732
753,753,753,753,753,sub-0066,negative_vs_neutral,dmPFC,1.4610302448272705
754,754,754,754,754,sub-0066,positive_vs_neutral,dmPFC,1.9671746492385864
755,755,755,755,755,sub-0066,negative_vs_positive,dmPFC,-0.5061443448066711
756,756,756,756,756,sub-0067,emotion_vs_neutral,amygdala_L,-0.1333090364933014
757,757,757,757,757,sub-0067,negative_vs_neutral,amygdala_L,-0.0587706714868545
758,758,758,758,758,sub-0067,positive_vs_neutral,amygdala_L,-0.2078474164009094
759,759,759,759,759,sub-0067,negative_vs_positive,amygdala_L,0.1490767449140548
760,760,760,760,760,sub-0067,emotion_vs_neutral,amygdala_R,-0.1597336083650589
761,761,761,761,761,sub-0067,negative_vs_neutral,amygdala_R,-0.3467966318130493
762,762,762,762,762,sub-0067,positive_vs_neutral,amygdala_R,0.0273294020444154
763,763,763,763,763,sub-0067,negative_vs_positive,amygdala_R,-0.3741260170936584
764,764,764,764,764,sub-0067,emotion_vs_neutral,dmPFC,-0.1582292318344116
765,765,765,765,765,sub-0067,negative_vs_neutral,dmPFC,-0.1898426711559295
766,766,766,766,766,sub-0067,positive_vs_neutral,dmPFC,-0.1266157925128936
767,767,767,767,767,sub-0067,negative_vs_positive,dmPFC,-0.0632268637418747
768,768,768,768,768,sub-0069,emotion_vs_neutral,amygdala_L,0.2546301484107971
769,769,769,769,769,sub-0069,negative_vs_neutral,amygdala_L,0.201166883111
770,770,770,770,770,sub-0069,positive_vs_neutral,amygdala_L,0.3080934584140777
771,771,771,771,771,sub-0069,negative_vs_positive,amygdala_L,-0.1069265753030777
772,772,772,772,772,sub-0069,emotion_vs_neutral,amygdala_R,0.231643408536911
773,773,773,773,773,sub-0069,negative_vs_neutral,amygdala_R,0.164611279964447
774,774,774,774,774,sub-0069,positive_vs_neutral,amygdala_R,0.2986754775047302
775,775,775,775,775,sub-0069,negative_vs_positive,amygdala_R,-0.1340642124414444
776,776,776,776,776,sub-0069,emotion_vs_neutral,dmPFC,0.9249576926231384
777,777,777,777,777,sub-0069,negative_vs_neutral,dmPFC,1.026522159576416
778,778,778,778,778,sub-0069,positive_vs_neutral,dmPFC,0.8233930468559265
779,779,779,779,779,sub-0069,negative_vs_positive,dmPFC,0.2031291723251342
780,780,780,780,780,sub-0070,emotion_vs_neutral,amygdala_L,-0.1140331327915191
781,781,781,781,781,sub-0070,negative_vs_neutral,amygdala_L,0.1858975738286972
782,782,782,782,782,sub-0070,positive_vs_neutral,amygdala_L,-0.4139638245105743
783,783,783,783,783,sub-0070,negative_vs_positive,amygdala_L,0.5998613834381104
784,784,784,784,784,sub-0070,emotion_vs_neutral,amygdala_R,0.0120935225859284
785,785,785,785,785,sub-0070,negative_vs_neutral,amygdala_R,0.4488907754421234
786,786,786,786,786,sub-0070,positive_vs_neutral,amygdala_R,-0.4247037470340729
787,787,787,787,787,sub-0070,negative_vs_positive,amygdala_R,0.8735946416854858
788,788,788,788,788,sub-0070,emotion_vs_neutral,dmPFC,0.6551133394241333
789,789,789,789,789,sub-0070,negative_vs_neutral,dmPFC,1.1319427490234375
790,790,790,790,790,sub-0070,positive_vs_neutral,dmPFC,0.1782839298248291
791,791,791,791,791,sub-0070,negative_vs_positive,dmPFC,0.9536588191986084
792,792,792,792,792,sub-0071,emotion_vs_neutral,amygdala_L,-0.6226520538330078
793,793,793,793,793,sub-0071,negative_vs_neutral,amygdala_L,-0.8038795590400696
794,794,794,794,794,sub-0071,positive_vs_neutral,amygdala_L,-0.441424548625946
795,795,795,795,795,sub-0071,negative_vs_positive,amygdala_L,-0.3624550104141235
796,796,796,796,796,sub-0071,emotion_vs_neutral,amygdala_R,0.0233296416699886
797,797,797,797,797,sub-0071,negative_vs_neutral,amygdala_R,0.0442250408232212
798,798,798,798,798,sub-0071,positive_vs_neutral,amygdala_R,0.0024342481046915
799,799,799,799,799,sub-0071,negative_vs_positive,amygdala_R,0.0417907908558845
800,800,800,800,800,sub-0071,emotion_vs_neutral,dmPFC,-0.0796853750944137
801,801,801,801,801,sub-0071,negative_vs_neutral,dmPFC,0.1864329874515533
802,802,802,802,802,sub-0071,positive_vs_neutral,dmPFC,-0.3458037376403808
803,803,803,803,803,sub-0071,negative_vs_positive,dmPFC,0.5322366952896118
804,804,804,804,804,sub-0074,emotion_vs_neutral,amygdala_L,0.7526155710220337
805,805,805,805,805,sub-0074,negative_vs_neutral,amygdala_L,0.7615375518798828
806,806,806,806,806,sub-0074,positive_vs_neutral,amygdala_L,0.7436935901641846
807,807,807,807,807,sub-0074,negative_vs_positive,amygdala_L,0.0178440306335687
808,808,808,808,808,sub-0074,emotion_vs_neutral,amygdala_R,0.289168119430542
809,809,809,809,809,sub-0074,negative_vs_neutral,amygdala_R,0.2670007944107055
810,810,810,810,810,sub-0074,positive_vs_neutral,amygdala_R,0.3113353848457336
811,811,811,811,811,sub-0074,negative_vs_positive,amygdala_R,-0.0443345718085765
812,812,812,812,812,sub-0074,emotion_vs_neutral,dmPFC,1.4728610515594482
813,813,813,813,813,sub-0074,negative_vs_neutral,dmPFC,1.8641210794448853
814,814,814,814,814,sub-0074,positive_vs_neutral,dmPFC,1.0816010236740112
815,815,815,815,815,sub-0074,negative_vs_positive,dmPFC,0.7825199961662292
816,816,816,816,816,sub-0075,emotion_vs_neutral,amygdala_L,0.405215322971344
817,817,817,817,817,sub-0075,negative_vs_neutral,amygdala_L,0.334812730550766
818,818,818,818,818,sub-0075,positive_vs_neutral,amygdala_L,0.4756177961826324
819,819,819,819,819,sub-0075,negative_vs_positive,amygdala_L,-0.14080511033535
820,820,820,820,820,sub-0075,emotion_vs_neutral,amygdala_R,0.4711206555366516
821,821,821,821,821,sub-0075,negative_vs_neutral,amygdala_R,0.241373673081398
822,822,822,822,822,sub-0075,positive_vs_neutral,amygdala_R,0.7008675336837769
823,823,823,823,823,sub-0075,negative_vs_positive,amygdala_R,-0.45949387550354
824,824,824,824,824,sub-0075,emotion_vs_neutral,dmPFC,0.5513247847557068
825,825,825,825,825,sub-0075,negative_vs_neutral,dmPFC,0.5968610048294067
826,826,826,826,826,sub-0075,positive_vs_neutral,dmPFC,0.5057885646820068
827,827,827,827,827,sub-0075,negative_vs_positive,dmPFC,0.0910724103450775
828,828,828,828,828,sub-0076,emotion_vs_neutral,amygdala_L,-0.1986079216003418
829,829,829,829,829,sub-0076,negative_vs_neutral,amygdala_L,0.3301552832126617
830,830,830,830,830,sub-0076,positive_vs_neutral,amygdala_L,-0.7273711562156677
831,831,831,831,831,sub-0076,negative_vs_positive,amygdala_L,1.057526469230652
832,832,832,832,832,sub-0076,emotion_vs_neutral,amygdala_R,-0.168776586651802
833,833,833,833,833,sub-0076,negative_vs_neutral,amygdala_R,0.0905603393912315
834,834,834,834,834,sub-0076,positive_vs_neutral,amygdala_R,-0.4281135201454162
835,835,835,835,835,sub-0076,negative_vs_positive,amygdala_R,0.5186738967895508
836,836,836,836,836,sub-0076,emotion_vs_neutral,dmPFC,-1.431507587432861
837,837,837,837,837,sub-0076,negative_vs_neutral,dmPFC,-1.025231122970581
838,838,838,838,838,sub-0076,positive_vs_neutral,dmPFC,-1.8377838134765625
839,839,839,839,839,sub-0076,negative_vs_positive,dmPFC,0.8125527501106262
840,840,840,840,840,sub-0077,emotion_vs_neutral,amygdala_L,0.4181389510631561
841,841,841,841,841,sub-0077,negative_vs_neutral,amygdala_L,0.0303536802530288
842,842,842,842,842,sub-0077,positive_vs_neutral,amygdala_L,0.8059242367744446
843,843,843,843,843,sub-0077,negative_vs_positive,amygdala_L,-0.7755704522132874
844,844,844,844,844,sub-0077,emotion_vs_neutral,amygdala_R,0.8756370544433594
845,845,845,845,845,sub-0077,negative_vs_neutral,amygdala_R,0.7313040494918823
846,846,846,846,846,sub-0077,positive_vs_neutral,amygdala_R,1.019970178604126
847,847,847,847,847,sub-0077,negative_vs_positive,amygdala_R,-0.2886660993099212
848,848,848,848,848,sub-0077,emotion_vs_neutral,dmPFC,0.6307463049888611
849,849,849,849,849,sub-0077,negative_vs_neutral,dmPFC,0.0455853641033172
850,850,850,850,850,sub-0077,positive_vs_neutral,dmPFC,1.215907335281372
851,851,851,851,851,sub-0077,negative_vs_positive,dmPFC,-1.1703218221664429
852,852,852,852,852,sub-0078,emotion_vs_neutral,amygdala_L,-0.196104496717453
853,853,853,853,853,sub-0078,negative_vs_neutral,amygdala_L,0.0224054604768753
854,854,854,854,854,sub-0078,positive_vs_neutral,amygdala_L,-0.4146144390106201
855,855,855,855,855,sub-0078,negative_vs_positive,amygdala_L,0.4370199143886566
856,856,856,856,856,sub-0078,emotion_vs_neutral,amygdala_R,0.1559654474258422
857,857,857,857,857,sub-0078,negative_vs_neutral,amygdala_R,0.5197449326515198
858,858,858,858,858,sub-0078,positive_vs_neutral,amygdala_R,-0.2078139632940292
859,859,859,859,859,sub-0078,negative_vs_positive,amygdala_R,0.7275587916374207
860,860,860,860,860,sub-0078,emotion_vs_neutral,dmPFC,-0.4854177832603454
861,861,861,861,861,sub-0078,negative_vs_neutral,dmPFC,-0.1011338755488395
862,862,862,862,862,sub-0078,positive_vs_neutral,dmPFC,-0.8697017431259155
863,863,863,863,863,sub-0078,negative_vs_positive,dmPFC,0.7685678601264954
864,864,864,864,864,sub-0079,emotion_vs_neutral,amygdala_L,0.0053237322717905
865,865,865,865,865,sub-0079,negative_vs_neutral,amygdala_L,0.1083921566605568
866,866,866,866,866,sub-0079,positive_vs_neutral,amygdala_L,-0.097744695842266
867,867,867,867,867,sub-0079,negative_vs_positive,amygdala_L,0.2061368823051452
868,868,868,868,868,sub-0079,emotion_vs_neutral,amygdala_R,-0.0642723441123962
869,869,869,869,869,sub-0079,negative_vs_neutral,amygdala_R,0.1003724262118339
870,870,870,870,870,sub-0079,positive_vs_neutral,amygdala_R,-0.228917121887207
871,871,871,871,871,sub-0079,negative_vs_positive,amygdala_R,0.3292895257472992
872,872,872,872,872,sub-0079,emotion_vs_neutral,dmPFC,1.249616265296936
873,873,873,873,873,sub-0079,negative_vs_neutral,dmPFC,1.088587522506714
874,874,874,874,874,sub-0079,positive_vs_neutral,dmPFC,1.4106451272964478
875,875,875,875,875,sub-0079,negative_vs_positive,dmPFC,-0.3220577538013458
876,876,876,876,876,sub-0080,emotion_vs_neutral,amygdala_L,-0.018383465707302
877,877,877,877,877,sub-0080,negative_vs_neutral,amygdala_L,-0.0134203368797898
878,878,878,878,878,sub-0080,positive_vs_neutral,amygdala_L,-0.0233466066420078
879,879,879,879,879,sub-0080,negative_vs_positive,amygdala_L,0.0099262641742825
880,880,880,880,880,sub-0080,emotion_vs_neutral,amygdala_R,0.3506015539169311
881,881,881,881,881,sub-0080,negative_vs_neutral,amygdala_R,0.2734573185443878
882,882,882,882,882,sub-0080,positive_vs_neutral,amygdala_R,0.4277458786964416
883,883,883,883,883,sub-0080,negative_vs_positive,amygdala_R,-0.154288500547409
884,884,884,884,884,sub-0080,emotion_vs_neutral,dmPFC,0.4797041714191437
885,885,885,885,885,sub-0080,negative_vs_neutral,dmPFC,0.3169060051441192
886,886,886,886,886,sub-0080,positive_vs_neutral,dmPFC,0.6425023078918457
887,887,887,887,887,sub-0080,negative_vs_positive,dmPFC,-0.3255963325500488
888,888,888,888,888,sub-0081,emotion_vs_neutral,amygdala_L,0.7752388715744019
889,889,889,889,889,sub-0081,negative_vs_neutral,amygdala_L,0.8864995837211609
890,890,890,890,890,sub-0081,positive_vs_neutral,amygdala_L,0.6639782786369324
891,891,891,891,891,sub-0081,negative_vs_positive,amygdala_L,0.2225212156772613
892,892,892,892,892,sub-0081,emotion_vs_neutral,amygdala_R,-0.2761936783790588
893,893,893,893,893,sub-0081,negative_vs_neutral,amygdala_R,-0.5743604898452759
894,894,894,894,894,sub-0081,positive_vs_neutral,amygdala_R,0.0219731256365776
895,895,895,895,895,sub-0081,negative_vs_positive,amygdala_R,-0.5963335633277893
896,896,896,896,896,sub-0081,emotion_vs_neutral,dmPFC,0.3777721226215362
897,897,897,897,897,sub-0081,negative_vs_neutral,dmPFC,0.304896593093872
898,898,898,898,898,sub-0081,positive_vs_neutral,dmPFC,0.4506476819515228
899,899,899,899,899,sub-0081,negative_vs_positive,dmPFC,-0.1457510888576507
900,900,900,900,900,sub-0082,emotion_vs_neutral,amygdala_L,0.0919480696320533
901,901,901,901,901,sub-0082,negative_vs_neutral,amygdala_L,0.0036781516391783
902,902,902,902,902,sub-0082,positive_vs_neutral,amygdala_L,0.1802179962396621
903,903,903,903,903,sub-0082,negative_vs_positive,amygdala_L,-0.1765398532152176
904,904,904,904,904,sub-0082,emotion_vs_neutral,amygdala_R,0.3079964220523834
905,905,905,905,905,sub-0082,negative_vs_neutral,amygdala_R,0.1201480701565742
906,906,906,906,906,sub-0082,positive_vs_neutral,amygdala_R,0.4958447515964508
907,907,907,907,907,sub-0082,negative_vs_positive,amygdala_R,-0.3756967186927795
908,908,908,908,908,sub-0082,emotion_vs_neutral,dmPFC,0.1609246879816055
909,909,909,909,909,sub-0082,negative_vs_neutral,dmPFC,0.0397945754230022
910,910,910,910,910,sub-0082,positive_vs_neutral,dmPFC,0.2820548117160797
911,911,911,911,911,sub-0082,negative_vs_positive,dmPFC,-0.2422602325677871
912,912,912,912,912,sub-0083,emotion_vs_neutral,amygdala_L,0.4855619370937347
913,913,913,913,913,sub-0083,negative_vs_neutral,amygdala_L,0.6903676390647888
914,914,914,914,914,sub-0083,positive_vs_neutral,amygdala_L,0.2807561755180359
915,915,915,915,915,sub-0083,negative_vs_positive,amygdala_L,0.4096114337444305
916,916,916,916,916,sub-0083,emotion_vs_neutral,amygdala_R,-0.0027053516823798
917,917,917,917,917,sub-0083,negative_vs_neutral,amygdala_R,0.2208912521600723
918,918,918,918,918,sub-0083,positive_vs_neutral,amygdala_R,-0.2263019680976867
919,919,919,919,919,sub-0083,negative_vs_positive,amygdala_R,0.4471932351589203
920,920,920,920,920,sub-0083,emotion_vs_neutral,dmPFC,1.0927085876464844
921,921,921,921,921,sub-0083,negative_vs_neutral,dmPFC,1.1574970483779907
922,922,922,922,922,sub-0083,positive_vs_neutral,dmPFC,1.027920484542847
923,923,923,923,923,sub-0083,negative_vs_positive,dmPFC,0.1295765340328216
924,924,924,924,924,sub-0084,emotion_vs_neutral,amygdala_L,0.1837259978055954
925,925,925,925,925,sub-0084,negative_vs_neutral,amygdala_L,0.0427923426032066
926,926,926,926,926,sub-0084,positive_vs_neutral,amygdala_L,0.3246597051620483
927,927,927,927,927,sub-0084,negative_vs_positive,amygdala_L,-0.2818673253059387
928,928,928,928,928,sub-0084,emotion_vs_neutral,amygdala_R,0.0292147547006607
929,929,929,929,929,sub-0084,negative_vs_neutral,amygdala_R,0.2085133343935012
930,930,930,930,930,sub-0084,positive_vs_neutral,amygdala_R,-0.150083839893341
931,931,931,931,931,sub-0084,negative_vs_positive,amygdala_R,0.3585972189903259
932,932,932,932,932,sub-0084,emotion_vs_neutral,dmPFC,0.0815391764044761
933,933,933,933,933,sub-0084,negative_vs_neutral,dmPFC,0.0120378071442246
934,934,934,934,934,sub-0084,positive_vs_neutral,dmPFC,0.1510405242443084
935,935,935,935,935,sub-0084,negative_vs_positive,dmPFC,-0.1390027403831482
936,936,936,936,936,sub-0085,emotion_vs_neutral,amygdala_L,0.193433403968811
937,937,937,937,937,sub-0085,negative_vs_neutral,amygdala_L,0.2002188265323639
938,938,938,938,938,sub-0085,positive_vs_neutral,amygdala_L,0.1866479665040969
939,939,939,939,939,sub-0085,negative_vs_positive,amygdala_L,0.0135708507150411
940,940,940,940,940,sub-0085,emotion_vs_neutral,amygdala_R,0.1431176662445068
941,941,941,941,941,sub-0085,negative_vs_neutral,amygdala_R,0.4276769757270813
942,942,942,942,942,sub-0085,positive_vs_neutral,amygdala_R,-0.1414416283369064
943,943,943,943,943,sub-0085,negative_vs_positive,amygdala_R,0.5691186189651489
944,944,944,944,944,sub-0085,emotion_vs_neutral,dmPFC,-0.2522720396518707
945,945,945,945,945,sub-0085,negative_vs_neutral,dmPFC,-0.5447770357131958
946,946,946,946,946,sub-0085,positive_vs_neutral,dmPFC,0.0402330011129379
947,947,947,947,947,sub-0085,negative_vs_positive,dmPFC,-0.5850100517272949
948,948,948,948,948,sub-0087,emotion_vs_neutral,amygdala_L,-0.4067503213882446
949,949,949,949,949,sub-0087,negative_vs_neutral,amygdala_L,-0.3751146495342254
950,950,950,950,950,sub-0087,positive_vs_neutral,amygdala_L,-0.4383859634399414
951,951,951,951,951,sub-0087,negative_vs_positive,amygdala_L,0.0632712841033935
952,952,952,952,952,sub-0087,emotion_vs_neutral,amygdala_R,-0.4640936553478241
953,953,953,953,953,sub-0087,negative_vs_neutral,amygdala_R,-0.551539957523346
954,954,954,954,954,sub-0087,positive_vs_neutral,amygdala_R,-0.3766472339630127
955,955,955,955,955,sub-0087,negative_vs_positive,amygdala_R,-0.174892708659172
956,956,956,956,956,sub-0087,emotion_vs_neutral,dmPFC,0.0218629036098718
957,957,957,957,957,sub-0087,negative_vs_neutral,dmPFC,-0.4034882485866546
958,958,958,958,958,sub-0087,positive_vs_neutral,dmPFC,0.4472140669822693
959,959,959,959,959,sub-0087,negative_vs_positive,dmPFC,-0.8507023453712463
960,960,960,960,960,sub-0088,emotion_vs_neutral,amygdala_L,0.6194316148757935
961,961,961,961,961,sub-0088,negative_vs_neutral,amygdala_L,0.3602786958217621
962,962,962,962,962,sub-0088,positive_vs_neutral,amygdala_L,0.8785844445228577
963,963,963,963,963,sub-0088,negative_vs_positive,amygdala_L,-0.5183058381080627
964,964,964,964,964,sub-0088,emotion_vs_neutral,amygdala_R,1.326785445213318
965,965,965,965,965,sub-0088,negative_vs_neutral,amygdala_R,0.8764443397521973
966,966,966,966,966,sub-0088,positive_vs_neutral,amygdala_R,1.777126669883728
967,967,967,967,967,sub-0088,negative_vs_positive,amygdala_R,-0.900682270526886
968,968,968,968,968,sub-0088,emotion_vs_neutral,dmPFC,0.6312640905380249
969,969,969,969,969,sub-0088,negative_vs_neutral,dmPFC,-0.0457404926419258
970,970,970,970,970,sub-0088,positive_vs_neutral,dmPFC,1.3082687854766846
971,971,971,971,971,sub-0088,negative_vs_positive,dmPFC,-1.3540091514587402
972,972,972,972,972,sub-0090,emotion_vs_neutral,amygdala_L,-0.4695495367050171
973,973,973,973,973,sub-0090,negative_vs_neutral,amygdala_L,-0.4026799201965332
974,974,974,974,974,sub-0090,positive_vs_neutral,amygdala_L,-0.536419153213501
975,975,975,975,975,sub-0090,negative_vs_positive,amygdala_L,0.1337392777204513
976,976,976,976,976,sub-0090,emotion_vs_neutral,amygdala_R,-0.2681080102920532
977,977,977,977,977,sub-0090,negative_vs_neutral,amygdala_R,-0.1457970291376114
978,978,978,978,978,sub-0090,positive_vs_neutral,amygdala_R,-0.3904190063476562
979,979,979,979,979,sub-0090,negative_vs_positive,amygdala_R,0.2446219772100448
980,980,980,980,980,sub-0090,emotion_vs_neutral,dmPFC,-0.3456432223320007
981,981,981,981,981,sub-0090,negative_vs_neutral,dmPFC,-0.2196679711341858
982,982,982,982,982,sub-0090,positive_vs_neutral,dmPFC,-0.4716184735298157
983,983,983,983,983,sub-0090,negative_vs_positive,dmPFC,0.2519505321979522
984,984,984,984,984,sub-0091,emotion_vs_neutral,amygdala_L,-0.0555517859756946
985,985,985,985,985,sub-0091,negative_vs_neutral,amygdala_L,0.1054485514760017
986,986,986,986,986,sub-0091,positive_vs_neutral,amygdala_L,-0.2165521383285522
987,987,987,987,987,sub-0091,negative_vs_positive,amygdala_L,0.3220006823539734
988,988,988,988,988,sub-0091,emotion_vs_neutral,amygdala_R,-0.3231453597545624
989,989,989,989,989,sub-0091,negative_vs_neutral,amygdala_R,-0.3007197976112366
990,990,990,990,990,sub-0091,positive_vs_neutral,amygdala_R,-0.3455709517002105
991,991,991,991,991,sub-0091,negative_vs_positive,amygdala_R,0.0448511689901351
992,992,992,992,992,sub-0091,emotion_vs_neutral,dmPFC,-0.2726717293262481
993,993,993,993,993,sub-0091,negative_vs_neutral,dmPFC,-0.1336330622434616
994,994,994,994,994,sub-0091,positive_vs_neutral,dmPFC,-0.4117103219032287
995,995,995,995,995,sub-0091,negative_vs_positive,dmPFC,0.2780772745609283
996,996,996,996,996,sub-0092,emotion_vs_neutral,amygdala_L,0.2701795399188995
997,997,997,997,997,sub-0092,negative_vs_neutral,amygdala_L,0.4038875997066498
998,998,998,998,998,sub-0092,positive_vs_neutral,amygdala_L,0.1364714354276657
999,999,999,999,999,sub-0092,negative_vs_positive,amygdala_L,0.2674161791801452
1000,1000,1000,1000,1000,sub-0092,emotion_vs_neutral,amygdala_R,0.0067769461311399
1001,1001,1001,1001,1001,sub-0092,negative_vs_neutral,amygdala_R,0.1277476102113723
1002,1002,1002,1002,1002,sub-0092,positive_vs_neutral,amygdala_R,-0.1141937226057052
1003,1003,1003,1003,1003,sub-0092,negative_vs_positive,amygdala_R,0.2419413179159164
1004,1004,1004,1004,1004,sub-0092,emotion_vs_neutral,dmPFC,0.8671374320983887
1005,1005,1005,1005,1005,sub-0092,negative_vs_neutral,dmPFC,1.0917106866836548
1006,1006,1006,1006,1006,sub-0092,positive_vs_neutral,dmPFC,0.6425641179084778
1007,1007,1007,1007,1007,sub-0092,negative_vs_positive,dmPFC,0.4491466283798218
1008,1008,1008,1008,1008,sub-0093,emotion_vs_neutral,amygdala_L,0.2026638686656952
1009,1009,1009,1009,1009,sub-0093,negative_vs_neutral,amygdala_L,0.1576423346996307
1010,1010,1010,1010,1010,sub-0093,positive_vs_neutral,amygdala_L,0.2476854175329208
1011,1011,1011,1011,1011,sub-0093,negative_vs_positive,amygdala_L,-0.0900430604815483
1012,1012,1012,1012,1012,sub-0093,emotion_vs_neutral,amygdala_R,0.0547916702926158
1013,1013,1013,1013,1013,sub-0093,negative_vs_neutral,amygdala_R,-0.1429778933525085
1014,1014,1014,1014,1014,sub-0093,positive_vs_neutral,amygdala_R,0.2525612413883209
1015,1015,1015,1015,1015,sub-0093,negative_vs_positive,amygdala_R,-0.3955390453338623
1016,1016,1016,1016,1016,sub-0093,emotion_vs_neutral,dmPFC,0.4869051873683929
1017,1017,1017,1017,1017,sub-0093,negative_vs_neutral,dmPFC,0.6569686532020569
1018,1018,1018,1018,1018,sub-0093,positive_vs_neutral,dmPFC,0.3168416321277618
1019,1019,1019,1019,1019,sub-0093,negative_vs_positive,dmPFC,0.3401270508766174
1020,1020,1020,1020,1020,sub-0094,emotion_vs_neutral,amygdala_L,-0.0695994198322296
1021,1021,1021,1021,1021,sub-0094,negative_vs_neutral,amygdala_L,-0.0322813540697097
1022,1022,1022,1022,1022,sub-0094,positive_vs_neutral,amygdala_L,-0.1069175004959106
1023,1023,1023,1023,1023,sub-0094,negative_vs_positive,amygdala_L,0.0746361464262008
1024,1024,1024,1024,1024,sub-0094,emotion_vs_neutral,amygdala_R,0.0518464297056198
1025,1025,1025,1025,1025,sub-0094,negative_vs_neutral,amygdala_R,-0.0068992995657026
1026,1026,1026,1026,1026,sub-0094,positive_vs_neutral,amygdala_R,0.1105921491980552
1027,1027,1027,1027,1027,sub-0094,negative_vs_positive,amygdala_R,-0.1174914464354515
1028,1028,1028,1028,1028,sub-0094,emotion_vs_neutral,dmPFC,-0.1202927231788635
1029,1029,1029,1029,1029,sub-0094,negative_vs_neutral,dmPFC,0.0516944527626037
1030,1030,1030,1030,1030,sub-0094,positive_vs_neutral,dmPFC,-0.2922799289226532
1031,1031,1031,1031,1031,sub-0094,negative_vs_positive,dmPFC,0.3439743816852569
1032,1032,1032,1032,1032,sub-0095,emotion_vs_neutral,amygdala_L,-0.1791993677616119
1033,1033,1033,1033,1033,sub-0095,negative_vs_neutral,amygdala_L,-0.1860584914684295
1034,1034,1034,1034,1034,sub-0095,positive_vs_neutral,amygdala_L,-0.1723402440547943
1035,1035,1035,1035,1035,sub-0095,negative_vs_positive,amygdala_L,-0.0137182362377643
1036,1036,1036,1036,1036,sub-0095,emotion_vs_neutral,amygdala_R,-0.6530989408493042
1037,1037,1037,1037,1037,sub-0095,negative_vs_neutral,amygdala_R,-0.5932426452636719
1038,1038,1038,1038,1038,sub-0095,positive_vs_neutral,amygdala_R,-0.7129551768302917
1039,1039,1039,1039,1039,sub-0095,negative_vs_positive,amygdala_R,0.1197124794125557
1040,1040,1040,1040,1040,sub-0095,emotion_vs_neutral,dmPFC,0.2593423426151275
1041,1041,1041,1041,1041,sub-0095,negative_vs_neutral,dmPFC,0.2093231081962585
1042,1042,1042,1042,1042,sub-0095,positive_vs_neutral,dmPFC,0.3093616068363189
1043,1043,1043,1043,1043,sub-0095,negative_vs_positive,dmPFC,-0.1000385135412216
1044,1044,1044,1044,1044,sub-0096,emotion_vs_neutral,amygdala_L,-0.6749663352966309
1045,1045,1045,1045,1045,sub-0096,negative_vs_neutral,amygdala_L,-0.6385519504547119
1046,1046,1046,1046,1046,sub-0096,positive_vs_neutral,amygdala_L,-0.711380660533905
1047,1047,1047,1047,1047,sub-0096,negative_vs_positive,amygdala_L,0.0728287026286125
1048,1048,1048,1048,1048,sub-0096,emotion_vs_neutral,amygdala_R,0.1460193544626236
1049,1049,1049,1049,1049,sub-0096,negative_vs_neutral,amygdala_R,0.2171406298875808
1050,1050,1050,1050,1050,sub-0096,positive_vs_neutral,amygdala_R,0.0748981162905693
1051,1051,1051,1051,1051,sub-0096,negative_vs_positive,amygdala_R,0.1422425061464309
1052,1052,1052,1052,1052,sub-0096,emotion_vs_neutral,dmPFC,-0.1841189563274383
1053,1053,1053,1053,1053,sub-0096,negative_vs_neutral,dmPFC,0.1499267518520355
1054,1054,1054,1054,1054,sub-0096,positive_vs_neutral,dmPFC,-0.5181646347045898
1055,1055,1055,1055,1055,sub-0096,negative_vs_positive,dmPFC,0.6680914163589478
1056,1056,1056,1056,1056,sub-0097,emotion_vs_neutral,amygdala_L,0.175815537571907
1057,1057,1057,1057,1057,sub-0097,negative_vs_neutral,amygdala_L,0.3743691742420196
1058,1058,1058,1058,1058,sub-0097,positive_vs_neutral,amygdala_L,-0.0227380488067865
1059,1059,1059,1059,1059,sub-0097,negative_vs_positive,amygdala_L,0.3971072137355804
1060,1060,1060,1060,1060,sub-0097,emotion_vs_neutral,amygdala_R,0.2974786162376404
1061,1061,1061,1061,1061,sub-0097,negative_vs_neutral,amygdala_R,0.5870750546455383
1062,1062,1062,1062,1062,sub-0097,positive_vs_neutral,amygdala_R,0.0078821238130331
1063,1063,1063,1063,1063,sub-0097,negative_vs_positive,amygdala_R,0.5791929960250854
1064,1064,1064,1064,1064,sub-0097,emotion_vs_neutral,dmPFC,0.313094288110733
1065,1065,1065,1065,1065,sub-0097,negative_vs_neutral,dmPFC,0.7734342217445374
1066,1066,1066,1066,1066,sub-0097,positive_vs_neutral,dmPFC,-0.1472456306219101
1067,1067,1067,1067,1067,sub-0097,negative_vs_positive,dmPFC,0.9206798672676086
1068,1068,1068,1068,1068,sub-0098,emotion_vs_neutral,amygdala_L,0.2729294598102569
1069,1069,1069,1069,1069,sub-0098,negative_vs_neutral,amygdala_L,0.4829939007759094
1070,1070,1070,1070,1070,sub-0098,positive_vs_neutral,amygdala_L,0.0628650411963462
1071,1071,1071,1071,1071,sub-0098,negative_vs_positive,amygdala_L,0.4201288521289825
1072,1072,1072,1072,1072,sub-0098,emotion_vs_neutral,amygdala_R,0.2504259645938873
1073,1073,1073,1073,1073,sub-0098,negative_vs_neutral,amygdala_R,0.142675518989563
1074,1074,1074,1074,1074,sub-0098,positive_vs_neutral,amygdala_R,0.358176440000534
1075,1075,1075,1075,1075,sub-0098,negative_vs_positive,amygdala_R,-0.2155009508132934
1076,1076,1076,1076,1076,sub-0098,emotion_vs_neutral,dmPFC,0.7003670334815979
1077,1077,1077,1077,1077,sub-0098,negative_vs_neutral,dmPFC,0.9905059337615968
1078,1078,1078,1078,1078,sub-0098,positive_vs_neutral,dmPFC,0.4102281928062439
1079,1079,1079,1079,1079,sub-0098,negative_vs_positive,dmPFC,0.5802778005599976
1080,1080,1080,1080,1080,sub-0099,emotion_vs_neutral,amygdala_L,-0.0870704799890518
1081,1081,1081,1081,1081,sub-0099,negative_vs_neutral,amygdala_L,-0.0493012815713882
1082,1082,1082,1082,1082,sub-0099,positive_vs_neutral,amygdala_L,-0.1248396858572959
1083,1083,1083,1083,1083,sub-0099,negative_vs_positive,amygdala_L,0.0755383968353271
1084,1084,1084,1084,1084,sub-0099,emotion_vs_neutral,amygdala_R,-0.2578238844871521
1085,1085,1085,1085,1085,sub-0099,negative_vs_neutral,amygdala_R,-0.0324408300220966
1086,1086,1086,1086,1086,sub-0099,positive_vs_neutral,amygdala_R,-0.4832068979740143
1087,1087,1087,1087,1087,sub-0099,negative_vs_positive,amygdala_R,0.4507660269737243
1088,1088,1088,1088,1088,sub-0099,emotion_vs_neutral,dmPFC,-0.1342009156942367
1089,1089,1089,1089,1089,sub-0099,negative_vs_neutral,dmPFC,0.0214766561985015
1090,1090,1090,1090,1090,sub-0099,positive_vs_neutral,dmPFC,-0.2898785173892975
1091,1091,1091,1091,1091,sub-0099,negative_vs_positive,dmPFC,0.3113551735877991
1092,1092,1092,1092,1092,sub-0100,emotion_vs_neutral,amygdala_L,0.0576301850378513
1093,1093,1093,1093,1093,sub-0100,negative_vs_neutral,amygdala_L,0.3037067055702209
1094,1094,1094,1094,1094,sub-0100,positive_vs_neutral,amygdala_L,-0.1884463280439376
1095,1095,1095,1095,1095,sub-0100,negative_vs_positive,amygdala_L,0.4921530485153198
1096,1096,1096,1096,1096,sub-0100,emotion_vs_neutral,amygdala_R,-0.2840965092182159
1097,1097,1097,1097,1097,sub-0100,negative_vs_neutral,amygdala_R,-0.0749647989869117
1098,1098,1098,1098,1098,sub-0100,positive_vs_neutral,amygdala_R,-0.4932282269001007
1099,1099,1099,1099,1099,sub-0100,negative_vs_positive,amygdala_R,0.4182635247707367
1100,1100,1100,1100,1100,sub-0100,emotion_vs_neutral,dmPFC,0.161815658211708
1101,1101,1101,1101,1101,sub-0100,negative_vs_neutral,dmPFC,0.5076213479042053
1102,1102,1102,1102,1102,sub-0100,positive_vs_neutral,dmPFC,-0.183989942073822
1103,1103,1103,1103,1103,sub-0100,negative_vs_positive,dmPFC,0.6916112303733826
1104,1104,1104,1104,1104,sub-0101,emotion_vs_neutral,amygdala_L,0.3245984613895416
1105,1105,1105,1105,1105,sub-0101,negative_vs_neutral,amygdala_L,0.2990753054618835
1106,1106,1106,1106,1106,sub-0101,positive_vs_neutral,amygdala_L,0.3501215875148773
1107,1107,1107,1107,1107,sub-0101,negative_vs_positive,amygdala_L,-0.0510462597012519
1108,1108,1108,1108,1108,sub-0101,emotion_vs_neutral,amygdala_R,0.1223591491580009
1109,1109,1109,1109,1109,sub-0101,negative_vs_neutral,amygdala_R,0.0550275593996048
1110,1110,1110,1110,1110,sub-0101,positive_vs_neutral,amygdala_R,0.1896907240152359
1111,1111,1111,1111,1111,sub-0101,negative_vs_positive,amygdala_R,-0.1346631795167923
1112,1112,1112,1112,1112,sub-0101,emotion_vs_neutral,dmPFC,0.1092976555228233
1113,1113,1113,1113,1113,sub-0101,negative_vs_neutral,dmPFC,0.4601949453353882
1114,1114,1114,1114,1114,sub-0101,positive_vs_neutral,dmPFC,-0.2415996044874191
1115,1115,1115,1115,1115,sub-0101,negative_vs_positive,dmPFC,0.7017945647239685
1116,1116,1116,1116,1116,sub-0102,emotion_vs_neutral,amygdala_L,-0.8063048720359802
1117,1117,1117,1117,1117,sub-0102,negative_vs_neutral,amygdala_L,-1.0766184329986572
1118,1118,1118,1118,1118,sub-0102,positive_vs_neutral,amygdala_L,-0.5359913110733032
1119,1119,1119,1119,1119,sub-0102,negative_vs_positive,amygdala_L,-0.5406272411346436
1120,1120,1120,1120,1120,sub-0102,emotion_vs_neutral,amygdala_R,-0.290985643863678
1121,1121,1121,1121,1121,sub-0102,negative_vs_neutral,amygdala_R,-0.4554254412651062
1122,1122,1122,1122,1122,sub-0102,positive_vs_neutral,amygdala_R,-0.1265458166599273
1123,1123,1123,1123,1123,sub-0102,negative_vs_positive,amygdala_R,-0.3288796544075012
1124,1124,1124,1124,1124,sub-0102,emotion_vs_neutral,dmPFC,-0.5617150068283081
1125,1125,1125,1125,1125,sub-0102,negative_vs_neutral,dmPFC,-0.9561619758605956
1126,1126,1126,1126,1126,sub-0102,positive_vs_neutral,dmPFC,-0.1672680377960205
1127,1127,1127,1127,1127,sub-0102,negative_vs_positive,dmPFC,-0.78889399766922
1128,1128,1128,1128,1128,sub-0103,emotion_vs_neutral,amygdala_L,0.4695180058479309
1129,1129,1129,1129,1129,sub-0103,negative_vs_neutral,amygdala_L,0.3582887351512909
1130,1130,1130,1130,1130,sub-0103,positive_vs_neutral,amygdala_L,0.5807473063468933
1131,1131,1131,1131,1131,sub-0103,negative_vs_positive,amygdala_L,-0.2224585115909576
1132,1132,1132,1132,1132,sub-0103,emotion_vs_neutral,amygdala_R,0.5125032663345337
1133,1133,1133,1133,1133,sub-0103,negative_vs_neutral,amygdala_R,0.6977695226669312
1134,1134,1134,1134,1134,sub-0103,positive_vs_neutral,amygdala_R,0.3272369503974914
1135,1135,1135,1135,1135,sub-0103,negative_vs_positive,amygdala_R,0.3705325722694397
1136,1136,1136,1136,1136,sub-0103,emotion_vs_neutral,dmPFC,0.2939721345901489
1137,1137,1137,1137,1137,sub-0103,negative_vs_neutral,dmPFC,0.1808999627828598
1138,1138,1138,1138,1138,sub-0103,positive_vs_neutral,dmPFC,0.4070442914962768
1139,1139,1139,1139,1139,sub-0103,negative_vs_positive,dmPFC,-0.2261443138122558
1140,1140,1140,1140,1140,sub-0104,emotion_vs_neutral,amygdala_L,0.1382989883422851
1141,1141,1141,1141,1141,sub-0104,negative_vs_neutral,amygdala_L,0.119516372680664
1142,1142,1142,1142,1142,sub-0104,positive_vs_neutral,amygdala_L,0.1570816487073898
1143,1143,1143,1143,1143,sub-0104,negative_vs_positive,amygdala_L,-0.0375652723014354
1144,1144,1144,1144,1144,sub-0104,emotion_vs_neutral,amygdala_R,0.1805823147296905
1145,1145,1145,1145,1145,sub-0104,negative_vs_neutral,amygdala_R,0.0222144145518541
1146,1146,1146,1146,1146,sub-0104,positive_vs_neutral,amygdala_R,0.3389502465724945
1147,1147,1147,1147,1147,sub-0104,negative_vs_positive,amygdala_R,-0.3167358040809631
1148,1148,1148,1148,1148,sub-0104,emotion_vs_neutral,dmPFC,0.0508511289954185
1149,1149,1149,1149,1149,sub-0104,negative_vs_neutral,dmPFC,-0.1465367823839187
1150,1150,1150,1150,1150,sub-0104,positive_vs_neutral,dmPFC,0.2482390701770782
1151,1151,1151,1151,1151,sub-0104,negative_vs_positive,dmPFC,-0.3947758078575134
1152,1152,1152,1152,1152,sub-0105,emotion_vs_neutral,amygdala_L,-0.8530479073524475
1153,1153,1153,1153,1153,sub-0105,negative_vs_neutral,amygdala_L,-0.7341985106468201
1154,1154,1154,1154,1154,sub-0105,positive_vs_neutral,amygdala_L,-0.9718974828720092
1155,1155,1155,1155,1155,sub-0105,negative_vs_positive,amygdala_L,0.2376990169286728
1156,1156,1156,1156,1156,sub-0105,emotion_vs_neutral,amygdala_R,0.0779557451605796
1157,1157,1157,1157,1157,sub-0105,negative_vs_neutral,amygdala_R,0.2560989558696747
1158,1158,1158,1158,1158,sub-0105,positive_vs_neutral,amygdala_R,-0.1001874729990959
1159,1159,1159,1159,1159,sub-0105,negative_vs_positive,amygdala_R,0.3562864661216736
1160,1160,1160,1160,1160,sub-0105,emotion_vs_neutral,dmPFC,-0.4187771081924438
1161,1161,1161,1161,1161,sub-0105,negative_vs_neutral,dmPFC,-0.1281500905752182
1162,1162,1162,1162,1162,sub-0105,positive_vs_neutral,dmPFC,-0.7094041705131531
1163,1163,1163,1163,1163,sub-0105,negative_vs_positive,dmPFC,0.5812540054321289
1164,1164,1164,1164,1164,sub-0108,emotion_vs_neutral,amygdala_L,0.1570962369441986
1165,1165,1165,1165,1165,sub-0108,negative_vs_neutral,amygdala_L,0.4448090493679046
1166,1166,1166,1166,1166,sub-0108,positive_vs_neutral,amygdala_L,-0.1306165754795074
1167,1167,1167,1167,1167,sub-0108,negative_vs_positive,amygdala_L,0.5754256248474121
1168,1168,1168,1168,1168,sub-0108,emotion_vs_neutral,amygdala_R,0.2594889402389526
1169,1169,1169,1169,1169,sub-0108,negative_vs_neutral,amygdala_R,0.4557649195194244
1170,1170,1170,1170,1170,sub-0108,positive_vs_neutral,amygdala_R,0.0632129982113838
1171,1171,1171,1171,1171,sub-0108,negative_vs_positive,amygdala_R,0.3925518691539764
1172,1172,1172,1172,1172,sub-0108,emotion_vs_neutral,dmPFC,0.1153887212276458
1173,1173,1173,1173,1173,sub-0108,negative_vs_neutral,dmPFC,0.406160295009613
1174,1174,1174,1174,1174,sub-0108,positive_vs_neutral,dmPFC,-0.1753828823566436
1175,1175,1175,1175,1175,sub-0108,negative_vs_positive,dmPFC,0.5815432071685791
1176,1176,1176,1176,1176,sub-0109,emotion_vs_neutral,amygdala_L,-0.0995238125324249
1177,1177,1177,1177,1177,sub-0109,negative_vs_neutral,amygdala_L,-0.0364276468753814
1178,1178,1178,1178,1178,sub-0109,positive_vs_neutral,amygdala_L,-0.1626199781894683
1179,1179,1179,1179,1179,sub-0109,negative_vs_positive,amygdala_L,0.1261923462152481
1180,1180,1180,1180,1180,sub-0109,emotion_vs_neutral,amygdala_R,0.3698684871196747
1181,1181,1181,1181,1181,sub-0109,negative_vs_neutral,amygdala_R,0.4589739739894867
1182,1182,1182,1182,1182,sub-0109,positive_vs_neutral,amygdala_R,0.2807629108428955
1183,1183,1183,1183,1183,sub-0109,negative_vs_positive,amygdala_R,0.1782111078500747
1184,1184,1184,1184,1184,sub-0109,emotion_vs_neutral,dmPFC,0.1351420879364013
1185,1185,1185,1185,1185,sub-0109,negative_vs_neutral,dmPFC,0.2605303823947906
1186,1186,1186,1186,1186,sub-0109,positive_vs_neutral,dmPFC,0.0097538027912378
1187,1187,1187,1187,1187,sub-0109,negative_vs_positive,dmPFC,0.2507765591144562
1188,1188,1188,1188,1188,sub-0110,emotion_vs_neutral,amygdala_L,-0.2147867083549499
1189,1189,1189,1189,1189,sub-0110,negative_vs_neutral,amygdala_L,0.2714734673500061
1190,1190,1190,1190,1190,sub-0110,positive_vs_neutral,amygdala_L,-0.7010468244552612
1191,1191,1191,1191,1191,sub-0110,negative_vs_positive,amygdala_L,0.9725202918052672
1192,1192,1192,1192,1192,sub-0110,emotion_vs_neutral,amygdala_R,-0.0305862203240394
1193,1193,1193,1193,1193,sub-0110,negative_vs_neutral,amygdala_R,0.2602699697017669
1194,1194,1194,1194,1194,sub-0110,positive_vs_neutral,amygdala_R,-0.3214423954486847
1195,1195,1195,1195,1195,sub-0110,negative_vs_positive,amygdala_R,0.5817124843597412
1196,1196,1196,1196,1196,sub-0110,emotion_vs_neutral,dmPFC,-0.2725035846233368
1197,1197,1197,1197,1197,sub-0110,negative_vs_neutral,dmPFC,0.0448948331177234
1198,1198,1198,1198,1198,sub-0110,positive_vs_neutral,dmPFC,-0.5899019241333008
1199,1199,1199,1199,1199,sub-0110,negative_vs_positive,dmPFC,0.6347967982292175
1200,1200,1200,1200,1200,sub-0111,emotion_vs_neutral,amygdala_L,-0.2372775971889495
1201,1201,1201,1201,1201,sub-0111,negative_vs_neutral,amygdala_L,-0.0686448663473129
1202,1202,1202,1202,1202,sub-0111,positive_vs_neutral,amygdala_L,-0.4059103727340698
1203,1203,1203,1203,1203,sub-0111,negative_vs_positive,amygdala_L,0.3372654616832733
1204,1204,1204,1204,1204,sub-0111,emotion_vs_neutral,amygdala_R,0.0108783729374408
1205,1205,1205,1205,1205,sub-0111,negative_vs_neutral,amygdala_R,0.0024025405291467
1206,1206,1206,1206,1206,sub-0111,positive_vs_neutral,amygdala_R,0.0193542130291461
1207,1207,1207,1207,1207,sub-0111,negative_vs_positive,amygdala_R,-0.0169516652822494
1208,1208,1208,1208,1208,sub-0111,emotion_vs_neutral,dmPFC,0.0048680501058697
1209,1209,1209,1209,1209,sub-0111,negative_vs_neutral,dmPFC,-0.108902096748352
1210,1210,1210,1210,1210,sub-0111,positive_vs_neutral,dmPFC,0.118638202548027
1211,1211,1211,1211,1211,sub-0111,negative_vs_positive,dmPFC,-0.2275403141975402
1212,1212,1212,1212,1212,sub-0112,emotion_vs_neutral,amygdala_L,-0.3260819613933563
1213,1213,1213,1213,1213,sub-0112,negative_vs_neutral,amygdala_L,-0.0502058528363704
1214,1214,1214,1214,1214,sub-0112,positive_vs_neutral,amygdala_L,-0.6019580960273743
1215,1215,1215,1215,1215,sub-0112,negative_vs_positive,amygdala_L,0.5517522096633911
1216,1216,1216,1216,1216,sub-0112,emotion_vs_neutral,amygdala_R,-0.2444165050983429
1217,1217,1217,1217,1217,sub-0112,negative_vs_neutral,amygdala_R,-0.0766298100352287
1218,1218,1218,1218,1218,sub-0112,positive_vs_neutral,amygdala_R,-0.4122031927108764
1219,1219,1219,1219,1219,sub-0112,negative_vs_positive,amygdala_R,0.3355734348297119
1220,1220,1220,1220,1220,sub-0112,emotion_vs_neutral,dmPFC,-0.725368320941925
1221,1221,1221,1221,1221,sub-0112,negative_vs_neutral,dmPFC,-0.6060634255409241
1222,1222,1222,1222,1222,sub-0112,positive_vs_neutral,dmPFC,-0.844673216342926
1223,1223,1223,1223,1223,sub-0112,negative_vs_positive,dmPFC,0.2386098355054855
1224,1224,1224,1224,1224,sub-0113,emotion_vs_neutral,amygdala_L,-0.2239684909582138
1225,1225,1225,1225,1225,sub-0113,negative_vs_neutral,amygdala_L,-0.4481343924999237
1226,1226,1226,1226,1226,sub-0113,positive_vs_neutral,amygdala_L,0.0001974500919459
1227,1227,1227,1227,1227,sub-0113,negative_vs_positive,amygdala_L,-0.4483318626880646
1228,1228,1228,1228,1228,sub-0113,emotion_vs_neutral,amygdala_R,0.2957717776298523
1229,1229,1229,1229,1229,sub-0113,negative_vs_neutral,amygdala_R,0.0197878610342741
1230,1230,1230,1230,1230,sub-0113,positive_vs_neutral,amygdala_R,0.5717557072639465
1231,1231,1231,1231,1231,sub-0113,negative_vs_positive,amygdala_R,-0.5519677996635437
1232,1232,1232,1232,1232,sub-0113,emotion_vs_neutral,dmPFC,-0.1307345926761627
1233,1233,1233,1233,1233,sub-0113,negative_vs_neutral,dmPFC,-0.3089248836040497
1234,1234,1234,1234,1234,sub-0113,positive_vs_neutral,dmPFC,0.0474556945264339
1235,1235,1235,1235,1235,sub-0113,negative_vs_positive,dmPFC,-0.3563805520534515
1236,1236,1236,1236,1236,sub-0114,emotion_vs_neutral,amygdala_L,-0.7258147597312927
1237,1237,1237,1237,1237,sub-0114,negative_vs_neutral,amygdala_L,-0.13082255423069
1238,1238,1238,1238,1238,sub-0114,positive_vs_neutral,amygdala_L,-1.3208069801330566
1239,1239,1239,1239,1239,sub-0114,negative_vs_positive,amygdala_L,1.1899844408035278
1240,1240,1240,1240,1240,sub-0114,emotion_vs_neutral,amygdala_R,-1.1058815717697144
1241,1241,1241,1241,1241,sub-0114,negative_vs_neutral,amygdala_R,-0.8015328645706177
1242,1242,1242,1242,1242,sub-0114,positive_vs_neutral,amygdala_R,-1.410230278968811
1243,1243,1243,1243,1243,sub-0114,negative_vs_positive,amygdala_R,0.6086974143981934
1244,1244,1244,1244,1244,sub-0114,emotion_vs_neutral,dmPFC,-0.2417031228542328
1245,1245,1245,1245,1245,sub-0114,negative_vs_neutral,dmPFC,0.198876067996025
1246,1246,1246,1246,1246,sub-0114,positive_vs_neutral,dmPFC,-0.6822823882102966
1247,1247,1247,1247,1247,sub-0114,negative_vs_positive,dmPFC,0.8811584115028381
1248,1248,1248,1248,1248,sub-0115,emotion_vs_neutral,amygdala_L,-0.1271248757839203
1249,1249,1249,1249,1249,sub-0115,negative_vs_neutral,amygdala_L,-0.2109350115060806
1250,1250,1250,1250,1250,sub-0115,positive_vs_neutral,amygdala_L,-0.0433147251605987
1251,1251,1251,1251,1251,sub-0115,negative_vs_positive,amygdala_L,-0.1676202863454818
1252,1252,1252,1252,1252,sub-0115,emotion_vs_neutral,amygdala_R,0.1361200511455536
1253,1253,1253,1253,1253,sub-0115,negative_vs_neutral,amygdala_R,0.1071890965104103
1254,1254,1254,1254,1254,sub-0115,positive_vs_neutral,amygdala_R,0.1650510132312774
1255,1255,1255,1255,1255,sub-0115,negative_vs_positive,amygdala_R,-0.0578619055449962
1256,1256,1256,1256,1256,sub-0115,emotion_vs_neutral,dmPFC,0.3189805746078491
1257,1257,1257,1257,1257,sub-0115,negative_vs_neutral,dmPFC,0.1643065959215164
1258,1258,1258,1258,1258,sub-0115,positive_vs_neutral,dmPFC,0.473654568195343
1259,1259,1259,1259,1259,sub-0115,negative_vs_positive,dmPFC,-0.309347927570343
1260,1260,1260,1260,1260,sub-0116,emotion_vs_neutral,amygdala_L,0.5432851910591125
1261,1261,1261,1261,1261,sub-0116,negative_vs_neutral,amygdala_L,0.6348496675491333
1262,1262,1262,1262,1262,sub-0116,positive_vs_neutral,amygdala_L,0.4517206251621246
1263,1263,1263,1263,1263,sub-0116,negative_vs_positive,amygdala_L,0.1831290423870086
1264,1264,1264,1264,1264,sub-0116,emotion_vs_neutral,amygdala_R,0.1576552093029022
1265,1265,1265,1265,1265,sub-0116,negative_vs_neutral,amygdala_R,-0.0154148936271667
1266,1266,1266,1266,1266,sub-0116,positive_vs_neutral,amygdala_R,0.3307253420352936
1267,1267,1267,1267,1267,sub-0116,negative_vs_positive,amygdala_R,-0.3461402356624603
1268,1268,1268,1268,1268,sub-0116,emotion_vs_neutral,dmPFC,-0.3199134767055511
1269,1269,1269,1269,1269,sub-0116,negative_vs_neutral,dmPFC,-0.438681960105896
1270,1270,1270,1270,1270,sub-0116,positive_vs_neutral,dmPFC,-0.2011450380086898
1271,1271,1271,1271,1271,sub-0116,negative_vs_positive,dmPFC,-0.2375369220972061
1272,1272,1272,1272,1272,sub-0117,emotion_vs_neutral,amygdala_L,0.176270917057991
1273,1273,1273,1273,1273,sub-0117,negative_vs_neutral,amygdala_L,0.6421331167221069
1274,1274,1274,1274,1274,sub-0117,positive_vs_neutral,amygdala_L,-0.2895912826061249
1275,1275,1275,1275,1275,sub-0117,negative_vs_positive,amygdala_L,0.9317243695259094
1276,1276,1276,1276,1276,sub-0117,emotion_vs_neutral,amygdala_R,-0.1595160812139511
1277,1277,1277,1277,1277,sub-0117,negative_vs_neutral,amygdala_R,-0.0582399480044841
1278,1278,1278,1278,1278,sub-0117,positive_vs_neutral,amygdala_R,-0.2607921957969665
1279,1279,1279,1279,1279,sub-0117,negative_vs_positive,amygdala_R,0.2025522887706756
1280,1280,1280,1280,1280,sub-0117,emotion_vs_neutral,dmPFC,-0.113395057618618
1281,1281,1281,1281,1281,sub-0117,negative_vs_neutral,dmPFC,-0.1248825043439865
1282,1282,1282,1282,1282,sub-0117,positive_vs_neutral,dmPFC,-0.1019076183438301
1283,1283,1283,1283,1283,sub-0117,negative_vs_positive,dmPFC,-0.0229748953133821
1284,1284,1284,1284,1284,sub-0118,emotion_vs_neutral,amygdala_L,0.1967596411705017
1285,1285,1285,1285,1285,sub-0118,negative_vs_neutral,amygdala_L,0.2691852152347564
1286,1286,1286,1286,1286,sub-0118,positive_vs_neutral,amygdala_L,0.1243340447545051
1287,1287,1287,1287,1287,sub-0118,negative_vs_positive,amygdala_L,0.1448511928319931
1288,1288,1288,1288,1288,sub-0118,emotion_vs_neutral,amygdala_R,-1.057410717010498
1289,1289,1289,1289,1289,sub-0118,negative_vs_neutral,amygdala_R,-0.968482792377472
1290,1290,1290,1290,1290,sub-0118,positive_vs_neutral,amygdala_R,-1.1463385820388794
1291,1291,1291,1291,1291,sub-0118,negative_vs_positive,amygdala_R,0.177855834364891
1292,1292,1292,1292,1292,sub-0118,emotion_vs_neutral,dmPFC,0.1206149831414222
1293,1293,1293,1293,1293,sub-0118,negative_vs_neutral,dmPFC,-0.2383447140455246
1294,1294,1294,1294,1294,sub-0118,positive_vs_neutral,dmPFC,0.4795746803283691
1295,1295,1295,1295,1295,sub-0118,negative_vs_positive,dmPFC,-0.7179194092750549
1296,1296,1296,1296,1296,sub-0119,emotion_vs_neutral,amygdala_L,-0.5064316391944885
1297,1297,1297,1297,1297,sub-0119,negative_vs_neutral,amygdala_L,-0.838265597820282
1298,1298,1298,1298,1298,sub-0119,positive_vs_neutral,amygdala_L,-0.1745977252721786
1299,1299,1299,1299,1299,sub-0119,negative_vs_positive,amygdala_L,-0.6636678576469421
1300,1300,1300,1300,1300,sub-0119,emotion_vs_neutral,amygdala_R,-0.551342785358429
1301,1301,1301,1301,1301,sub-0119,negative_vs_neutral,amygdala_R,-0.6699938774108887
1302,1302,1302,1302,1302,sub-0119,positive_vs_neutral,amygdala_R,-0.432691752910614
1303,1303,1303,1303,1303,sub-0119,negative_vs_positive,amygdala_R,-0.2373021692037582
1304,1304,1304,1304,1304,sub-0119,emotion_vs_neutral,dmPFC,0.9502651691436768
1305,1305,1305,1305,1305,sub-0119,negative_vs_neutral,dmPFC,0.8591219782829285
1306,1306,1306,1306,1306,sub-0119,positive_vs_neutral,dmPFC,1.0414084196090698
1307,1307,1307,1307,1307,sub-0119,negative_vs_positive,dmPFC,-0.1822863668203354
1308,1308,1308,1308,1308,sub-0120,emotion_vs_neutral,amygdala_L,-0.2189840525388717
1309,1309,1309,1309,1309,sub-0120,negative_vs_neutral,amygdala_L,-0.3380610942840576
1310,1310,1310,1310,1310,sub-0120,positive_vs_neutral,amygdala_L,-0.0999069660902023
1311,1311,1311,1311,1311,sub-0120,negative_vs_positive,amygdala_L,-0.2381541281938552
1312,1312,1312,1312,1312,sub-0120,emotion_vs_neutral,amygdala_R,0.3499383926391601
1313,1313,1313,1313,1313,sub-0120,negative_vs_neutral,amygdala_R,0.4961221814155578
1314,1314,1314,1314,1314,sub-0120,positive_vs_neutral,amygdala_R,0.2037546336650848
1315,1315,1315,1315,1315,sub-0120,negative_vs_positive,amygdala_R,0.2923675179481506
1316,1316,1316,1316,1316,sub-0120,emotion_vs_neutral,dmPFC,0.5739964246749878
1317,1317,1317,1317,1317,sub-0120,negative_vs_neutral,dmPFC,0.6622922420501709
1318,1318,1318,1318,1318,sub-0120,positive_vs_neutral,dmPFC,0.4857004880905151
1319,1319,1319,1319,1319,sub-0120,negative_vs_positive,dmPFC,0.1765917986631393
1320,1320,1320,1320,1320,sub-0121,emotion_vs_neutral,amygdala_L,-0.0628032833337783
1321,1321,1321,1321,1321,sub-0121,negative_vs_neutral,amygdala_L,0.1411115080118179
1322,1322,1322,1322,1322,sub-0121,positive_vs_neutral,amygdala_L,-0.2667180895805359
1323,1323,1323,1323,1323,sub-0121,negative_vs_positive,amygdala_L,0.4078296422958374
1324,1324,1324,1324,1324,sub-0121,emotion_vs_neutral,amygdala_R,-0.0842649638652801
1325,1325,1325,1325,1325,sub-0121,negative_vs_neutral,amygdala_R,-0.1100629195570945
1326,1326,1326,1326,1326,sub-0121,positive_vs_neutral,amygdala_R,-0.058467011898756
1327,1327,1327,1327,1327,sub-0121,negative_vs_positive,amygdala_R,-0.0515958927571773
1328,1328,1328,1328,1328,sub-0121,emotion_vs_neutral,dmPFC,-0.2467080354690551
1329,1329,1329,1329,1329,sub-0121,negative_vs_neutral,dmPFC,-0.3511848747730255
1330,1330,1330,1330,1330,sub-0121,positive_vs_neutral,dmPFC,-0.1422311812639236
1331,1331,1331,1331,1331,sub-0121,negative_vs_positive,dmPFC,-0.2089536935091018
1332,1332,1332,1332,1332,sub-0122,emotion_vs_neutral,amygdala_L,0.0462115816771984
1333,1333,1333,1333,1333,sub-0122,negative_vs_neutral,amygdala_L,0.0239107869565486
1334,1334,1334,1334,1334,sub-0122,positive_vs_neutral,amygdala_L,0.0685123726725578
1335,1335,1335,1335,1335,sub-0122,negative_vs_positive,amygdala_L,-0.0446015894412994
1336,1336,1336,1336,1336,sub-0122,emotion_vs_neutral,amygdala_R,0.1185094937682151
1337,1337,1337,1337,1337,sub-0122,negative_vs_neutral,amygdala_R,0.035490620881319
1338,1338,1338,1338,1338,sub-0122,positive_vs_neutral,amygdala_R,0.2015284299850464
1339,1339,1339,1339,1339,sub-0122,negative_vs_positive,amygdala_R,-0.166037768125534
1340,1340,1340,1340,1340,sub-0122,emotion_vs_neutral,dmPFC,0.4076041579246521
1341,1341,1341,1341,1341,sub-0122,negative_vs_neutral,dmPFC,0.3199726641178131
1342,1342,1342,1342,1342,sub-0122,positive_vs_neutral,dmPFC,0.4952355921268463
1343,1343,1343,1343,1343,sub-0122,negative_vs_positive,dmPFC,-0.1752629727125167
1344,1344,1344,1344,1344,sub-0123,emotion_vs_neutral,amygdala_L,-0.0762195289134979
1345,1345,1345,1345,1345,sub-0123,negative_vs_neutral,amygdala_L,0.0239372942596673
1346,1346,1346,1346,1346,sub-0123,positive_vs_neutral,amygdala_L,-0.1763763576745987
1347,1347,1347,1347,1347,sub-0123,negative_vs_positive,amygdala_L,0.2003136724233627
1348,1348,1348,1348,1348,sub-0123,emotion_vs_neutral,amygdala_R,-0.0543296039104461
1349,1349,1349,1349,1349,sub-0123,negative_vs_neutral,amygdala_R,-0.1086863130331039
1350,1350,1350,1350,1350,sub-0123,positive_vs_neutral,amygdala_R,2.7087473426945508e-05
1351,1351,1351,1351,1351,sub-0123,negative_vs_positive,amygdala_R,-0.1087133735418319
1352,1352,1352,1352,1352,sub-0123,emotion_vs_neutral,dmPFC,-0.0543735437095165
1353,1353,1353,1353,1353,sub-0123,negative_vs_neutral,dmPFC,-0.0259063802659511
1354,1354,1354,1354,1354,sub-0123,positive_vs_neutral,dmPFC,-0.0828406885266304
1355,1355,1355,1355,1355,sub-0123,negative_vs_positive,dmPFC,0.0569343157112598
1356,1356,1356,1356,1356,sub-0124,emotion_vs_neutral,amygdala_L,-0.8194171190261841
1357,1357,1357,1357,1357,sub-0124,negative_vs_neutral,amygdala_L,-0.7193190455436707
1358,1358,1358,1358,1358,sub-0124,positive_vs_neutral,amygdala_L,-0.9195151925086976
1359,1359,1359,1359,1359,sub-0124,negative_vs_positive,amygdala_L,0.200196236371994
1360,1360,1360,1360,1360,sub-0124,emotion_vs_neutral,amygdala_R,0.1980780363082885
1361,1361,1361,1361,1361,sub-0124,negative_vs_neutral,amygdala_R,0.1812315732240677
1362,1362,1362,1362,1362,sub-0124,positive_vs_neutral,amygdala_R,0.2149244993925094
1363,1363,1363,1363,1363,sub-0124,negative_vs_positive,amygdala_R,-0.0336929522454738
1364,1364,1364,1364,1364,sub-0124,emotion_vs_neutral,dmPFC,-0.2667561173439026
1365,1365,1365,1365,1365,sub-0124,negative_vs_neutral,dmPFC,-0.0432537868618965
1366,1366,1366,1366,1366,sub-0124,positive_vs_neutral,dmPFC,-0.4902583956718445
1367,1367,1367,1367,1367,sub-0124,negative_vs_positive,dmPFC,0.4470045864582062
1368,1368,1368,1368,1368,sub-0125,emotion_vs_neutral,amygdala_L,-0.1389924436807632
1369,1369,1369,1369,1369,sub-0125,negative_vs_neutral,amygdala_L,-0.5044311881065369
1370,1370,1370,1370,1370,sub-0125,positive_vs_neutral,amygdala_L,0.2264463007450103
1371,1371,1371,1371,1371,sub-0125,negative_vs_positive,amygdala_L,-0.7308774590492249
1372,1372,1372,1372,1372,sub-0125,emotion_vs_neutral,amygdala_R,0.2003919780254364
1373,1373,1373,1373,1373,sub-0125,negative_vs_neutral,amygdala_R,0.0950386300683021
1374,1374,1374,1374,1374,sub-0125,positive_vs_neutral,amygdala_R,0.3057453632354736
1375,1375,1375,1375,1375,sub-0125,negative_vs_positive,amygdala_R,-0.210706740617752
1376,1376,1376,1376,1376,sub-0125,emotion_vs_neutral,dmPFC,1.2612078189849854
1377,1377,1377,1377,1377,sub-0125,negative_vs_neutral,dmPFC,1.3354790210723877
1378,1378,1378,1378,1378,sub-0125,positive_vs_neutral,dmPFC,1.186936855316162
1379,1379,1379,1379,1379,sub-0125,negative_vs_positive,dmPFC,0.1485422700643539
1380,1380,1380,1380,1380,sub-0126,emotion_vs_neutral,amygdala_L,-0.1372493356466293
1381,1381,1381,1381,1381,sub-0126,negative_vs_neutral,amygdala_L,-0.2043537646532058
1382,1382,1382,1382,1382,sub-0126,positive_vs_neutral,amygdala_L,-0.0701449289917945
1383,1383,1383,1383,1383,sub-0126,negative_vs_positive,amygdala_L,-0.1342088133096695
1384,1384,1384,1384,1384,sub-0126,emotion_vs_neutral,amygdala_R,-0.2689941823482513
1385,1385,1385,1385,1385,sub-0126,negative_vs_neutral,amygdala_R,-0.5887011885643005
1386,1386,1386,1386,1386,sub-0126,positive_vs_neutral,amygdala_R,0.0507128164172172
1387,1387,1387,1387,1387,sub-0126,negative_vs_positive,amygdala_R,-0.6394139528274536
1388,1388,1388,1388,1388,sub-0126,emotion_vs_neutral,dmPFC,0.0130249317735433
1389,1389,1389,1389,1389,sub-0126,negative_vs_neutral,dmPFC,0.0313458032906055
1390,1390,1390,1390,1390,sub-0126,positive_vs_neutral,dmPFC,-0.0052959294989705
1391,1391,1391,1391,1391,sub-0126,negative_vs_positive,dmPFC,0.0366417355835437
1392,1392,1392,1392,1392,sub-0127,emotion_vs_neutral,amygdala_L,0.6329993605613708
1393,1393,1393,1393,1393,sub-0127,negative_vs_neutral,amygdala_L,0.4543052911758423
1394,1394,1394,1394,1394,sub-0127,positive_vs_neutral,amygdala_L,0.8116936087608337
1395,1395,1395,1395,1395,sub-0127,negative_vs_positive,amygdala_L,-0.3573883771896362
1396,1396,1396,1396,1396,sub-0127,emotion_vs_neutral,amygdala_R,0.4117414355278015
1397,1397,1397,1397,1397,sub-0127,negative_vs_neutral,amygdala_R,0.2241767048835754
1398,1398,1398,1398,1398,sub-0127,positive_vs_neutral,amygdala_R,0.5993061661720276
1399,1399,1399,1399,1399,sub-0127,negative_vs_positive,amygdala_R,-0.3751294612884521
1400,1400,1400,1400,1400,sub-0127,emotion_vs_neutral,dmPFC,0.5208498239517212
1401,1401,1401,1401,1401,sub-0127,negative_vs_neutral,dmPFC,0.7770416140556335
1402,1402,1402,1402,1402,sub-0127,positive_vs_neutral,dmPFC,0.2646582126617431
1403,1403,1403,1403,1403,sub-0127,negative_vs_positive,dmPFC,0.5123834013938904
1404,1404,1404,1404,1404,sub-0128,emotion_vs_neutral,amygdala_L,0.4672859311103821
1405,1405,1405,1405,1405,sub-0128,negative_vs_neutral,amygdala_L,0.3548757135868072
1406,1406,1406,1406,1406,sub-0128,positive_vs_neutral,amygdala_L,0.5796961188316345
1407,1407,1407,1407,1407,sub-0128,negative_vs_positive,amygdala_L,-0.224820390343666
1408,1408,1408,1408,1408,sub-0128,emotion_vs_neutral,amygdala_R,0.1424304693937301
1409,1409,1409,1409,1409,sub-0128,negative_vs_neutral,amygdala_R,-0.0803609192371368
1410,1410,1410,1410,1410,sub-0128,positive_vs_neutral,amygdala_R,0.3652218580245971
1411,1411,1411,1411,1411,sub-0128,negative_vs_positive,amygdala_R,-0.4455828070640564
1412,1412,1412,1412,1412,sub-0128,emotion_vs_neutral,dmPFC,0.1726673990488052
1413,1413,1413,1413,1413,sub-0128,negative_vs_neutral,dmPFC,0.2417557835578918
1414,1414,1414,1414,1414,sub-0128,positive_vs_neutral,dmPFC,0.1035790219902992
1415,1415,1415,1415,1415,sub-0128,negative_vs_positive,dmPFC,0.138176754117012
1416,1416,1416,1416,1416,sub-0129,emotion_vs_neutral,amygdala_L,-0.1172986626625061
1417,1417,1417,1417,1417,sub-0129,negative_vs_neutral,amygdala_L,-0.1515175104141235
1418,1418,1418,1418,1418,sub-0129,positive_vs_neutral,amygdala_L,-0.0830798149108886
1419,1419,1419,1419,1419,sub-0129,negative_vs_positive,amygdala_L,-0.0684377029538154
1420,1420,1420,1420,1420,sub-0129,emotion_vs_neutral,amygdala_R,-0.3478380143642425
1421,1421,1421,1421,1421,sub-0129,negative_vs_neutral,amygdala_R,-0.379400372505188
1422,1422,1422,1422,1422,sub-0129,positive_vs_neutral,amygdala_R,-0.3162756860256195
1423,1423,1423,1423,1423,sub-0129,negative_vs_positive,amygdala_R,-0.0631246790289878
1424,1424,1424,1424,1424,sub-0129,emotion_vs_neutral,dmPFC,0.6484268307685852
1425,1425,1425,1425,1425,sub-0129,negative_vs_neutral,dmPFC,0.5457333922386169
1426,1426,1426,1426,1426,sub-0129,positive_vs_neutral,dmPFC,0.7511202692985535
1427,1427,1427,1427,1427,sub-0129,negative_vs_positive,dmPFC,-0.2053868621587753
1428,1428,1428,1428,1428,sub-0130,emotion_vs_neutral,amygdala_L,-0.3926962018013
1429,1429,1429,1429,1429,sub-0130,negative_vs_neutral,amygdala_L,-0.4762077629566192
1430,1430,1430,1430,1430,sub-0130,positive_vs_neutral,amygdala_L,-0.309184581041336
1431,1431,1431,1431,1431,sub-0130,negative_vs_positive,amygdala_L,-0.1670232266187667
1432,1432,1432,1432,1432,sub-0130,emotion_vs_neutral,amygdala_R,0.4772624969482422
1433,1433,1433,1433,1433,sub-0130,negative_vs_neutral,amygdala_R,0.6432370543479919
1434,1434,1434,1434,1434,sub-0130,positive_vs_neutral,amygdala_R,0.3112879395484924
1435,1435,1435,1435,1435,sub-0130,negative_vs_positive,amygdala_R,0.3319491147994995
1436,1436,1436,1436,1436,sub-0130,emotion_vs_neutral,dmPFC,0.2196966707706451
1437,1437,1437,1437,1437,sub-0130,negative_vs_neutral,dmPFC,0.4486818611621856
1438,1438,1438,1438,1438,sub-0130,positive_vs_neutral,dmPFC,-0.0092885177582502
1439,1439,1439,1439,1439,sub-0130,negative_vs_positive,dmPFC,0.4579703509807586
1440,1440,1440,1440,1440,sub-0131,emotion_vs_neutral,amygdala_L,0.2149518430233001
1441,1441,1441,1441,1441,sub-0131,negative_vs_neutral,amygdala_L,0.1673266142606735
1442,1442,1442,1442,1442,sub-0131,positive_vs_neutral,amygdala_L,0.2625770568847656
1443,1443,1443,1443,1443,sub-0131,negative_vs_positive,amygdala_L,-0.0952504426240921
1444,1444,1444,1444,1444,sub-0131,emotion_vs_neutral,amygdala_R,-0.2850978374481201
1445,1445,1445,1445,1445,sub-0131,negative_vs_neutral,amygdala_R,-0.278583288192749
1446,1446,1446,1446,1446,sub-0131,positive_vs_neutral,amygdala_R,-0.2916123867034912
1447,1447,1447,1447,1447,sub-0131,negative_vs_positive,amygdala_R,0.0130290361121296
1448,1448,1448,1448,1448,sub-0131,emotion_vs_neutral,dmPFC,-0.2780272364616394
1449,1449,1449,1449,1449,sub-0131,negative_vs_neutral,dmPFC,-0.0910244956612587
1450,1450,1450,1450,1450,sub-0131,positive_vs_neutral,dmPFC,-0.4650299251079559
1451,1451,1451,1451,1451,sub-0131,negative_vs_positive,dmPFC,0.3740054965019226
1452,1452,1452,1452,1452,sub-0132,emotion_vs_neutral,amygdala_L,0.3255839049816131
1453,1453,1453,1453,1453,sub-0132,negative_vs_neutral,amygdala_L,0.2824586927890777
1454,1454,1454,1454,1454,sub-0132,positive_vs_neutral,amygdala_L,0.3687090575695038
1455,1455,1455,1455,1455,sub-0132,negative_vs_positive,amygdala_L,-0.0862503349781036
1456,1456,1456,1456,1456,sub-0132,emotion_vs_neutral,amygdala_R,-0.0666758641600608
1457,1457,1457,1457,1457,sub-0132,negative_vs_neutral,amygdala_R,-0.0419922173023223
1458,1458,1458,1458,1458,sub-0132,positive_vs_neutral,amygdala_R,-0.0913595184683799
1459,1459,1459,1459,1459,sub-0132,negative_vs_positive,amygdala_R,0.0493673011660575
1460,1460,1460,1460,1460,sub-0132,emotion_vs_neutral,dmPFC,-0.0078345034271478
1461,1461,1461,1461,1461,sub-0132,negative_vs_neutral,dmPFC,0.1257722824811935
1462,1462,1462,1462,1462,sub-0132,positive_vs_neutral,dmPFC,-0.1414412707090377
1463,1463,1463,1463,1463,sub-0132,negative_vs_positive,dmPFC,0.2672135531902313
1464,1464,1464,1464,1464,sub-0133,emotion_vs_neutral,amygdala_L,0.3986788690090179
1465,1465,1465,1465,1465,sub-0133,negative_vs_neutral,amygdala_L,0.2426262497901916
1466,1466,1466,1466,1466,sub-0133,positive_vs_neutral,amygdala_L,0.5547313690185547
1467,1467,1467,1467,1467,sub-0133,negative_vs_positive,amygdala_L,-0.3121051490306854
1468,1468,1468,1468,1468,sub-0133,emotion_vs_neutral,amygdala_R,-0.1725518107414245
1469,1469,1469,1469,1469,sub-0133,negative_vs_neutral,amygdala_R,-0.1472278088331222
1470,1470,1470,1470,1470,sub-0133,positive_vs_neutral,amygdala_R,-0.1978757977485656
1471,1471,1471,1471,1471,sub-0133,negative_vs_positive,amygdala_R,0.0506480038166046
1472,1472,1472,1472,1472,sub-0133,emotion_vs_neutral,dmPFC,0.4254648089408874
1473,1473,1473,1473,1473,sub-0133,negative_vs_neutral,dmPFC,0.682632565498352
1474,1474,1474,1474,1474,sub-0133,positive_vs_neutral,dmPFC,0.1682969331741333
1475,1475,1475,1475,1475,sub-0133,negative_vs_positive,dmPFC,0.5143356919288635
1476,1476,1476,1476,1476,sub-0134,emotion_vs_neutral,amygdala_L,-0.0526860766112804
1477,1477,1477,1477,1477,sub-0134,negative_vs_neutral,amygdala_L,0.0107571873813867
1478,1478,1478,1478,1478,sub-0134,positive_vs_neutral,amygdala_L,-0.1161293536424636
1479,1479,1479,1479,1479,sub-0134,negative_vs_positive,amygdala_L,0.1268865466117859
1480,1480,1480,1480,1480,sub-0134,emotion_vs_neutral,amygdala_R,0.3982800841331482
1481,1481,1481,1481,1481,sub-0134,negative_vs_neutral,amygdala_R,0.575127363204956
1482,1482,1482,1482,1482,sub-0134,positive_vs_neutral,amygdala_R,0.2214328646659851
1483,1483,1483,1483,1483,sub-0134,negative_vs_positive,amygdala_R,0.3536945283412933
1484,1484,1484,1484,1484,sub-0134,emotion_vs_neutral,dmPFC,-0.5746517777442932
1485,1485,1485,1485,1485,sub-0134,negative_vs_neutral,dmPFC,-0.6817759275436401
1486,1486,1486,1486,1486,sub-0134,positive_vs_neutral,dmPFC,-0.4675276279449463
1487,1487,1487,1487,1487,sub-0134,negative_vs_positive,dmPFC,-0.2142482548952102
1488,1488,1488,1488,1488,sub-0135,emotion_vs_neutral,amygdala_L,0.1949407756328582
1489,1489,1489,1489,1489,sub-0135,negative_vs_neutral,amygdala_L,0.160926878452301
1490,1490,1490,1490,1490,sub-0135,positive_vs_neutral,amygdala_L,0.2289546579122543
1491,1491,1491,1491,1491,sub-0135,negative_vs_positive,amygdala_L,-0.0680278092622757
1492,1492,1492,1492,1492,sub-0135,emotion_vs_neutral,amygdala_R,-0.1664947867393493
1493,1493,1493,1493,1493,sub-0135,negative_vs_neutral,amygdala_R,-0.1068978533148765
1494,1494,1494,1494,1494,sub-0135,positive_vs_neutral,amygdala_R,-0.2260917425155639
1495,1495,1495,1495,1495,sub-0135,negative_vs_positive,amygdala_R,0.1191939041018486
1496,1496,1496,1496,1496,sub-0135,emotion_vs_neutral,dmPFC,0.9547940492630004
1497,1497,1497,1497,1497,sub-0135,negative_vs_neutral,dmPFC,0.8478589057922363
1498,1498,1498,1498,1498,sub-0135,positive_vs_neutral,dmPFC,1.0617291927337646
1499,1499,1499,1499,1499,sub-0135,negative_vs_positive,dmPFC,-0.2138703018426895
1500,1500,1500,1500,1500,sub-0136,emotion_vs_neutral,amygdala_L,0.2878202497959137
1501,1501,1501,1501,1501,sub-0136,negative_vs_neutral,amygdala_L,0.4652970433235168
1502,1502,1502,1502,1502,sub-0136,positive_vs_neutral,amygdala_L,0.1103434711694717
1503,1503,1503,1503,1503,sub-0136,negative_vs_positive,amygdala_L,0.3549535572528839
1504,1504,1504,1504,1504,sub-0136,emotion_vs_neutral,amygdala_R,0.4225243031978607
1505,1505,1505,1505,1505,sub-0136,negative_vs_neutral,amygdala_R,0.2174169272184372
1506,1506,1506,1506,1506,sub-0136,positive_vs_neutral,amygdala_R,0.6276318430900574
1507,1507,1507,1507,1507,sub-0136,negative_vs_positive,amygdala_R,-0.4102147817611694
1508,1508,1508,1508,1508,sub-0136,emotion_vs_neutral,dmPFC,-0.0493871010839939
1509,1509,1509,1509,1509,sub-0136,negative_vs_neutral,dmPFC,-0.0474899299442768
1510,1510,1510,1510,1510,sub-0136,positive_vs_neutral,dmPFC,-0.0512842573225498
1511,1511,1511,1511,1511,sub-0136,negative_vs_positive,dmPFC,0.0037943422794342
1512,1512,1512,1512,1512,sub-0137,emotion_vs_neutral,amygdala_L,0.7077874541282654
1513,1513,1513,1513,1513,sub-0137,negative_vs_neutral,amygdala_L,0.5953309535980225
1514,1514,1514,1514,1514,sub-0137,positive_vs_neutral,amygdala_L,0.8202438354492188
1515,1515,1515,1515,1515,sub-0137,negative_vs_positive,amygdala_L,-0.2249128818511963
1516,1516,1516,1516,1516,sub-0137,emotion_vs_neutral,amygdala_R,0.5340455770492554
1517,1517,1517,1517,1517,sub-0137,negative_vs_neutral,amygdala_R,0.4426958560943603
1518,1518,1518,1518,1518,sub-0137,positive_vs_neutral,amygdala_R,0.6253952383995056
1519,1519,1519,1519,1519,sub-0137,negative_vs_positive,amygdala_R,-0.1826994121074676
1520,1520,1520,1520,1520,sub-0137,emotion_vs_neutral,dmPFC,0.4396474957466125
1521,1521,1521,1521,1521,sub-0137,negative_vs_neutral,dmPFC,0.5129092335700989
1522,1522,1522,1522,1522,sub-0137,positive_vs_neutral,dmPFC,0.3663856983184814
1523,1523,1523,1523,1523,sub-0137,negative_vs_positive,dmPFC,0.146523579955101
1524,1524,1524,1524,1524,sub-0138,emotion_vs_neutral,amygdala_L,0.3932024538516998
1525,1525,1525,1525,1525,sub-0138,negative_vs_neutral,amygdala_L,0.2967805564403534
1526,1526,1526,1526,1526,sub-0138,positive_vs_neutral,amygdala_L,0.489624410867691
1527,1527,1527,1527,1527,sub-0138,negative_vs_positive,amygdala_L,-0.1928438544273376
1528,1528,1528,1528,1528,sub-0138,emotion_vs_neutral,amygdala_R,0.4090356230735779
1529,1529,1529,1529,1529,sub-0138,negative_vs_neutral,amygdala_R,0.5434325337409973
1530,1530,1530,1530,1530,sub-0138,positive_vs_neutral,amygdala_R,0.2746386229991913
1531,1531,1531,1531,1531,sub-0138,negative_vs_positive,amygdala_R,0.2687938809394836
1532,1532,1532,1532,1532,sub-0138,emotion_vs_neutral,dmPFC,0.0867119878530502
1533,1533,1533,1533,1533,sub-0138,negative_vs_neutral,dmPFC,0.309938371181488
1534,1534,1534,1534,1534,sub-0138,positive_vs_neutral,dmPFC,-0.1365143805742263
1535,1535,1535,1535,1535,sub-0138,negative_vs_positive,dmPFC,0.446452796459198
1536,1536,1536,1536,1536,sub-0139,emotion_vs_neutral,amygdala_L,0.1077695190906524
1537,1537,1537,1537,1537,sub-0139,negative_vs_neutral,amygdala_L,0.1305235475301742
1538,1538,1538,1538,1538,sub-0139,positive_vs_neutral,amygdala_L,0.0850154608488082
1539,1539,1539,1539,1539,sub-0139,negative_vs_positive,amygdala_L,0.0455081015825271
1540,1540,1540,1540,1540,sub-0139,emotion_vs_neutral,amygdala_R,-0.0444170385599136
1541,1541,1541,1541,1541,sub-0139,negative_vs_neutral,amygdala_R,-0.2623809278011322
1542,1542,1542,1542,1542,sub-0139,positive_vs_neutral,amygdala_R,0.1735468506813049
1543,1543,1543,1543,1543,sub-0139,negative_vs_positive,amygdala_R,-0.4359277188777923
1544,1544,1544,1544,1544,sub-0139,emotion_vs_neutral,dmPFC,-0.5681368112564087
1545,1545,1545,1545,1545,sub-0139,negative_vs_neutral,dmPFC,-0.6217765212059021
1546,1546,1546,1546,1546,sub-0139,positive_vs_neutral,dmPFC,-0.5144970417022705
1547,1547,1547,1547,1547,sub-0139,negative_vs_positive,dmPFC,-0.1072795242071151
1548,1548,1548,1548,1548,sub-0140,emotion_vs_neutral,amygdala_L,-0.4720319807529449
1549,1549,1549,1549,1549,sub-0140,negative_vs_neutral,amygdala_L,-0.3710246086120605
1550,1550,1550,1550,1550,sub-0140,positive_vs_neutral,amygdala_L,-0.5730392932891846
1551,1551,1551,1551,1551,sub-0140,negative_vs_positive,amygdala_L,0.202014684677124
1552,1552,1552,1552,1552,sub-0140,emotion_vs_neutral,amygdala_R,0.357858657836914
1553,1553,1553,1553,1553,sub-0140,negative_vs_neutral,amygdala_R,0.369881123304367
1554,1554,1554,1554,1554,sub-0140,positive_vs_neutral,amygdala_R,0.3458361327648163
1555,1555,1555,1555,1555,sub-0140,negative_vs_positive,amygdala_R,0.0240449961274862
1556,1556,1556,1556,1556,sub-0140,emotion_vs_neutral,dmPFC,-0.0034762150608003
1557,1557,1557,1557,1557,sub-0140,negative_vs_neutral,dmPFC,0.0573992766439914
1558,1558,1558,1558,1558,sub-0140,positive_vs_neutral,dmPFC,-0.0643517151474952
1559,1559,1559,1559,1559,sub-0140,negative_vs_positive,dmPFC,0.1217509880661964
1560,1560,1560,1560,1560,sub-0141,emotion_vs_neutral,amygdala_L,-0.4081424474716186
1561,1561,1561,1561,1561,sub-0141,negative_vs_neutral,amygdala_L,-0.5164589881896973
1562,1562,1562,1562,1562,sub-0141,positive_vs_neutral,amygdala_L,-0.2998258471488952
1563,1563,1563,1563,1563,sub-0141,negative_vs_positive,amygdala_L,-0.216633141040802
1564,1564,1564,1564,1564,sub-0141,emotion_vs_neutral,amygdala_R,0.1588719338178634
1565,1565,1565,1565,1565,sub-0141,negative_vs_neutral,amygdala_R,0.0829050987958908
1566,1566,1566,1566,1566,sub-0141,positive_vs_neutral,amygdala_R,0.2348387539386749
1567,1567,1567,1567,1567,sub-0141,negative_vs_positive,amygdala_R,-0.1519336402416229
1568,1568,1568,1568,1568,sub-0141,emotion_vs_neutral,dmPFC,0.3475927114486694
1569,1569,1569,1569,1569,sub-0141,negative_vs_neutral,dmPFC,0.1737712025642395
1570,1570,1570,1570,1570,sub-0141,positive_vs_neutral,dmPFC,0.5214142203330994
1571,1571,1571,1571,1571,sub-0141,negative_vs_positive,dmPFC,-0.3476430177688598
1572,1572,1572,1572,1572,sub-0142,emotion_vs_neutral,amygdala_L,-0.081126868724823
1573,1573,1573,1573,1573,sub-0142,negative_vs_neutral,amygdala_L,-0.0905332043766975
1574,1574,1574,1574,1574,sub-0142,positive_vs_neutral,amygdala_L,-0.0717205479741096
1575,1575,1575,1575,1575,sub-0142,negative_vs_positive,amygdala_L,-0.0188126545399427
1576,1576,1576,1576,1576,sub-0142,emotion_vs_neutral,amygdala_R,-0.3369728326797485
1577,1577,1577,1577,1577,sub-0142,negative_vs_neutral,amygdala_R,-0.5326847434043884
1578,1578,1578,1578,1578,sub-0142,positive_vs_neutral,amygdala_R,-0.1412609219551086
1579,1579,1579,1579,1579,sub-0142,negative_vs_positive,amygdala_R,-0.3914238214492798
1580,1580,1580,1580,1580,sub-0142,emotion_vs_neutral,dmPFC,-0.783687949180603
1581,1581,1581,1581,1581,sub-0142,negative_vs_neutral,dmPFC,-0.7301241755485535
1582,1582,1582,1582,1582,sub-0142,positive_vs_neutral,dmPFC,-0.8372517228126526
1583,1583,1583,1583,1583,sub-0142,negative_vs_positive,dmPFC,0.1071275174617767
1584,1584,1584,1584,1584,sub-0143,emotion_vs_neutral,amygdala_L,-0.267531543970108
1585,1585,1585,1585,1585,sub-0143,negative_vs_neutral,amygdala_L,-0.3540923297405243
1586,1586,1586,1586,1586,sub-0143,positive_vs_neutral,amygdala_L,-0.1809708476066589
1587,1587,1587,1587,1587,sub-0143,negative_vs_positive,amygdala_L,-0.1731214672327041
1588,1588,1588,1588,1588,sub-0143,emotion_vs_neutral,amygdala_R,-0.1087878569960594
1589,1589,1589,1589,1589,sub-0143,negative_vs_neutral,amygdala_R,-0.2289987951517105
1590,1590,1590,1590,1590,sub-0143,positive_vs_neutral,amygdala_R,0.011423060670495
1591,1591,1591,1591,1591,sub-0143,negative_vs_positive,amygdala_R,-0.240421861410141
1592,1592,1592,1592,1592,sub-0143,emotion_vs_neutral,dmPFC,-0.1236347705125808
1593,1593,1593,1593,1593,sub-0143,negative_vs_neutral,dmPFC,-0.0007567725260742
1594,1594,1594,1594,1594,sub-0143,positive_vs_neutral,dmPFC,-0.2465127557516098
1595,1595,1595,1595,1595,sub-0143,negative_vs_positive,dmPFC,0.2457560002803802
1596,1596,1596,1596,1596,sub-0145,emotion_vs_neutral,amygdala_L,-0.2295634895563125
1597,1597,1597,1597,1597,sub-0145,negative_vs_neutral,amygdala_L,-0.2079446613788604
1598,1598,1598,1598,1598,sub-0145,positive_vs_neutral,amygdala_L,-0.2511823177337646
1599,1599,1599,1599,1599,sub-0145,negative_vs_positive,amygdala_L,0.0432376489043235
1600,1600,1600,1600,1600,sub-0145,emotion_vs_neutral,amygdala_R,-0.1769883632659912
1601,1601,1601,1601,1601,sub-0145,negative_vs_neutral,amygdala_R,-0.2682752907276153
1602,1602,1602,1602,1602,sub-0145,positive_vs_neutral,amygdala_R,-0.0857014134526252
1603,1603,1603,1603,1603,sub-0145,negative_vs_positive,amygdala_R,-0.1825738698244094
1604,1604,1604,1604,1604,sub-0145,emotion_vs_neutral,dmPFC,-0.1473097205162048
1605,1605,1605,1605,1605,sub-0145,negative_vs_neutral,dmPFC,0.0459080450236797
1606,1606,1606,1606,1606,sub-0145,positive_vs_neutral,dmPFC,-0.3405275344848633
1607,1607,1607,1607,1607,sub-0145,negative_vs_positive,dmPFC,0.3864355683326721
1608,1608,1608,1608,1608,sub-0146,emotion_vs_neutral,amygdala_L,0.3936349153518677
1609,1609,1609,1609,1609,sub-0146,negative_vs_neutral,amygdala_L,0.3815365135669708
1610,1610,1610,1610,1610,sub-0146,positive_vs_neutral,amygdala_L,0.4057334661483764
1611,1611,1611,1611,1611,sub-0146,negative_vs_positive,amygdala_L,-0.0241969972848892
1612,1612,1612,1612,1612,sub-0146,emotion_vs_neutral,amygdala_R,0.3653761744499206
1613,1613,1613,1613,1613,sub-0146,negative_vs_neutral,amygdala_R,0.4320700466632843
1614,1614,1614,1614,1614,sub-0146,positive_vs_neutral,amygdala_R,0.298682302236557
1615,1615,1615,1615,1615,sub-0146,negative_vs_positive,amygdala_R,0.1333877146244049
1616,1616,1616,1616,1616,sub-0146,emotion_vs_neutral,dmPFC,0.0318267531692981
1617,1617,1617,1617,1617,sub-0146,negative_vs_neutral,dmPFC,0.241968035697937
1618,1618,1618,1618,1618,sub-0146,positive_vs_neutral,dmPFC,-0.1783144772052765
1619,1619,1619,1619,1619,sub-0146,negative_vs_positive,dmPFC,0.4202825725078583
1620,1620,1620,1620,1620,sub-0147,emotion_vs_neutral,amygdala_L,-0.0933941826224327
1621,1621,1621,1621,1621,sub-0147,negative_vs_neutral,amygdala_L,-0.0801520869135856
1622,1622,1622,1622,1622,sub-0147,positive_vs_neutral,amygdala_L,-0.1066362708806991
1623,1623,1623,1623,1623,sub-0147,negative_vs_positive,amygdala_L,0.0264841727912426
1624,1624,1624,1624,1624,sub-0147,emotion_vs_neutral,amygdala_R,-0.1610866487026214
1625,1625,1625,1625,1625,sub-0147,negative_vs_neutral,amygdala_R,-0.1218204647302627
1626,1626,1626,1626,1626,sub-0147,positive_vs_neutral,amygdala_R,-0.2003528326749801
1627,1627,1627,1627,1627,sub-0147,negative_vs_positive,amygdala_R,0.0785323455929756
1628,1628,1628,1628,1628,sub-0147,emotion_vs_neutral,dmPFC,-0.1810402274131775
1629,1629,1629,1629,1629,sub-0147,negative_vs_neutral,dmPFC,-0.5767351388931274
1630,1630,1630,1630,1630,sub-0147,positive_vs_neutral,dmPFC,0.2146546393632888
1631,1631,1631,1631,1631,sub-0147,negative_vs_positive,dmPFC,-0.7913897633552551
1632,1632,1632,1632,1632,sub-0148,emotion_vs_neutral,amygdala_L,0.2871490120887756
1633,1633,1633,1633,1633,sub-0148,negative_vs_neutral,amygdala_L,0.3574725687503814
1634,1634,1634,1634,1634,sub-0148,positive_vs_neutral,amygdala_L,0.2168254405260086
1635,1635,1635,1635,1635,sub-0148,negative_vs_positive,amygdala_L,0.1406471133232116
1636,1636,1636,1636,1636,sub-0148,emotion_vs_neutral,amygdala_R,0.0845821648836135
1637,1637,1637,1637,1637,sub-0148,negative_vs_neutral,amygdala_R,-0.0105949835851788
1638,1638,1638,1638,1638,sub-0148,positive_vs_neutral,amygdala_R,0.1797593086957931
1639,1639,1639,1639,1639,sub-0148,negative_vs_positive,amygdala_R,-0.1903543174266815
1640,1640,1640,1640,1640,sub-0148,emotion_vs_neutral,dmPFC,-0.1737800389528274
1641,1641,1641,1641,1641,sub-0148,negative_vs_neutral,dmPFC,-0.0034961812198162
1642,1642,1642,1642,1642,sub-0148,positive_vs_neutral,dmPFC,-0.3440638184547424
1643,1643,1643,1643,1643,sub-0148,negative_vs_positive,dmPFC,0.3405676782131195
1644,1644,1644,1644,1644,sub-0149,emotion_vs_neutral,amygdala_L,0.1871334463357925
1645,1645,1645,1645,1645,sub-0149,negative_vs_neutral,amygdala_L,0.1435046195983886
1646,1646,1646,1646,1646,sub-0149,positive_vs_neutral,amygdala_L,0.2307623326778412
1647,1647,1647,1647,1647,sub-0149,negative_vs_positive,amygdala_L,-0.0872576981782913
1648,1648,1648,1648,1648,sub-0149,emotion_vs_neutral,amygdala_R,0.2102028727531433
1649,1649,1649,1649,1649,sub-0149,negative_vs_neutral,amygdala_R,0.2490809708833694
1650,1650,1650,1650,1650,sub-0149,positive_vs_neutral,amygdala_R,0.1713248193264007
1651,1651,1651,1651,1651,sub-0149,negative_vs_positive,amygdala_R,0.0777561515569686
1652,1652,1652,1652,1652,sub-0149,emotion_vs_neutral,dmPFC,1.3602699041366575
1653,1653,1653,1653,1653,sub-0149,negative_vs_neutral,dmPFC,1.5663164854049685
1654,1654,1654,1654,1654,sub-0149,positive_vs_neutral,dmPFC,1.1542234420776367
1655,1655,1655,1655,1655,sub-0149,negative_vs_positive,dmPFC,0.4120931327342987
1656,1656,1656,1656,1656,sub-0150,emotion_vs_neutral,amygdala_L,-0.1173218414187431
1657,1657,1657,1657,1657,sub-0150,negative_vs_neutral,amygdala_L,-0.2394347190856933
1658,1658,1658,1658,1658,sub-0150,positive_vs_neutral,amygdala_L,0.0047910208813846
1659,1659,1659,1659,1659,sub-0150,negative_vs_positive,amygdala_L,-0.2442257106304168
1660,1660,1660,1660,1660,sub-0150,emotion_vs_neutral,amygdala_R,0.3887065649032593
1661,1661,1661,1661,1661,sub-0150,negative_vs_neutral,amygdala_R,0.392630398273468
1662,1662,1662,1662,1662,sub-0150,positive_vs_neutral,amygdala_R,0.384782612323761
1663,1663,1663,1663,1663,sub-0150,negative_vs_positive,amygdala_R,0.0078477542847394
1664,1664,1664,1664,1664,sub-0150,emotion_vs_neutral,dmPFC,0.536594033241272
1665,1665,1665,1665,1665,sub-0150,negative_vs_neutral,dmPFC,0.1664744168519973
1666,1666,1666,1666,1666,sub-0150,positive_vs_neutral,dmPFC,0.906713604927063
1667,1667,1667,1667,1667,sub-0150,negative_vs_positive,dmPFC,-0.7402392625808716
1668,1668,1668,1668,1668,sub-0151,emotion_vs_neutral,amygdala_L,-0.1147200539708137
1669,1669,1669,1669,1669,sub-0151,negative_vs_neutral,amygdala_L,-0.0536556392908096
1670,1670,1670,1670,1670,sub-0151,positive_vs_neutral,amygdala_L,-0.1757844388484954
1671,1671,1671,1671,1671,sub-0151,negative_vs_positive,amygdala_L,0.1221287846565246
1672,1672,1672,1672,1672,sub-0151,emotion_vs_neutral,amygdala_R,-0.0231232922524213
1673,1673,1673,1673,1673,sub-0151,negative_vs_neutral,amygdala_R,0.0370414480566978
1674,1674,1674,1674,1674,sub-0151,positive_vs_neutral,amygdala_R,-0.0832880362868309
1675,1675,1675,1675,1675,sub-0151,negative_vs_positive,amygdala_R,0.1203294843435287
1676,1676,1676,1676,1676,sub-0151,emotion_vs_neutral,dmPFC,-0.3194507956504822
1677,1677,1677,1677,1677,sub-0151,negative_vs_neutral,dmPFC,-0.5683358907699585
1678,1678,1678,1678,1678,sub-0151,positive_vs_neutral,dmPFC,-0.0705656856298446
1679,1679,1679,1679,1679,sub-0151,negative_vs_positive,dmPFC,-0.4977702498435974
1680,1680,1680,1680,1680,sub-0153,emotion_vs_neutral,amygdala_L,0.3356956243515014
1681,1681,1681,1681,1681,sub-0153,negative_vs_neutral,amygdala_L,0.5475254058837891
1682,1682,1682,1682,1682,sub-0153,positive_vs_neutral,amygdala_L,0.123865820467472
1683,1683,1683,1683,1683,sub-0153,negative_vs_positive,amygdala_L,0.4236596226692199
1684,1684,1684,1684,1684,sub-0153,emotion_vs_neutral,amygdala_R,-0.4847780764102936
1685,1685,1685,1685,1685,sub-0153,negative_vs_neutral,amygdala_R,-0.2667213678359985
1686,1686,1686,1686,1686,sub-0153,positive_vs_neutral,amygdala_R,-0.7028347849845886
1687,1687,1687,1687,1687,sub-0153,negative_vs_positive,amygdala_R,0.4361134171485901
1688,1688,1688,1688,1688,sub-0153,emotion_vs_neutral,dmPFC,-0.1745713651180267
1689,1689,1689,1689,1689,sub-0153,negative_vs_neutral,dmPFC,-0.4360385239124298
1690,1690,1690,1690,1690,sub-0153,positive_vs_neutral,dmPFC,0.0868957638740539
1691,1691,1691,1691,1691,sub-0153,negative_vs_positive,dmPFC,-0.5229342579841614
1692,1692,1692,1692,1692,sub-0154,emotion_vs_neutral,amygdala_L,0.210693359375
1693,1693,1693,1693,1693,sub-0154,negative_vs_neutral,amygdala_L,0.0839284658432006
1694,1694,1694,1694,1694,sub-0154,positive_vs_neutral,amygdala_L,0.3374582529067993
1695,1695,1695,1695,1695,sub-0154,negative_vs_positive,amygdala_L,-0.2535297870635986
1696,1696,1696,1696,1696,sub-0154,emotion_vs_neutral,amygdala_R,0.0963700637221336
1697,1697,1697,1697,1697,sub-0154,negative_vs_neutral,amygdala_R,0.0554447956383228
1698,1698,1698,1698,1698,sub-0154,positive_vs_neutral,amygdala_R,0.1372953355312347
1699,1699,1699,1699,1699,sub-0154,negative_vs_positive,amygdala_R,-0.0818505361676216
1700,1700,1700,1700,1700,sub-0154,emotion_vs_neutral,dmPFC,0.1795928031206131
1701,1701,1701,1701,1701,sub-0154,negative_vs_neutral,dmPFC,0.1977616250514984
1702,1702,1702,1702,1702,sub-0154,positive_vs_neutral,dmPFC,0.1614239811897277
1703,1703,1703,1703,1703,sub-0154,negative_vs_positive,dmPFC,0.0363376587629318
1704,1704,1704,1704,1704,sub-0155,emotion_vs_neutral,amygdala_L,-0.045030377805233
1705,1705,1705,1705,1705,sub-0155,negative_vs_neutral,amygdala_L,-0.2535911500453949
1706,1706,1706,1706,1706,sub-0155,positive_vs_neutral,amygdala_L,0.1635303944349289
1707,1707,1707,1707,1707,sub-0155,negative_vs_positive,amygdala_L,-0.4171215295791626
1708,1708,1708,1708,1708,sub-0155,emotion_vs_neutral,amygdala_R,0.0858071893453598
1709,1709,1709,1709,1709,sub-0155,negative_vs_neutral,amygdala_R,0.000579698360525
1710,1710,1710,1710,1710,sub-0155,positive_vs_neutral,amygdala_R,0.1710346639156341
1711,1711,1711,1711,1711,sub-0155,negative_vs_positive,amygdala_R,-0.1704549789428711
1712,1712,1712,1712,1712,sub-0155,emotion_vs_neutral,dmPFC,0.9111207723617554
1713,1713,1713,1713,1713,sub-0155,negative_vs_neutral,dmPFC,0.8238433599472046
1714,1714,1714,1714,1714,sub-0155,positive_vs_neutral,dmPFC,0.9983983635902404
1715,1715,1715,1715,1715,sub-0155,negative_vs_positive,dmPFC,-0.1745549738407135
1716,1716,1716,1716,1716,sub-0156,emotion_vs_neutral,amygdala_L,0.153406485915184
1717,1717,1717,1717,1717,sub-0156,negative_vs_neutral,amygdala_L,0.1616322994232177
1718,1718,1718,1718,1718,sub-0156,positive_vs_neutral,amygdala_L,0.1451806277036667
1719,1719,1719,1719,1719,sub-0156,negative_vs_positive,amygdala_L,0.0164516791701316
1720,1720,1720,1720,1720,sub-0156,emotion_vs_neutral,amygdala_R,0.0431664958596229
1721,1721,1721,1721,1721,sub-0156,negative_vs_neutral,amygdala_R,0.1267445385456085
1722,1722,1722,1722,1722,sub-0156,positive_vs_neutral,amygdala_R,-0.0404115468263626
1723,1723,1723,1723,1723,sub-0156,negative_vs_positive,amygdala_R,0.1671561002731323
1724,1724,1724,1724,1724,sub-0156,emotion_vs_neutral,dmPFC,0.3521330952644348
1725,1725,1725,1725,1725,sub-0156,negative_vs_neutral,dmPFC,0.0941190719604492
1726,1726,1726,1726,1726,sub-0156,positive_vs_neutral,dmPFC,0.6101471185684204
1727,1727,1727,1727,1727,sub-0156,negative_vs_positive,dmPFC,-0.5160279870033264
1728,1728,1728,1728,1728,sub-0157,emotion_vs_neutral,amygdala_L,-0.0653215274214744
1729,1729,1729,1729,1729,sub-0157,negative_vs_neutral,amygdala_L,-0.258716732263565
1730,1730,1730,1730,1730,sub-0157,positive_vs_neutral,amygdala_L,0.1280736923217773
1731,1731,1731,1731,1731,sub-0157,negative_vs_positive,amygdala_L,-0.3867904245853424
1732,1732,1732,1732,1732,sub-0157,emotion_vs_neutral,amygdala_R,0.0335043333470821
1733,1733,1733,1733,1733,sub-0157,negative_vs_neutral,amygdala_R,-0.3303594887256622
1734,1734,1734,1734,1734,sub-0157,positive_vs_neutral,amygdala_R,0.3973681032657623
1735,1735,1735,1735,1735,sub-0157,negative_vs_positive,amygdala_R,-0.7277275919914246
1736,1736,1736,1736,1736,sub-0157,emotion_vs_neutral,dmPFC,-0.1271590143442154
1737,1737,1737,1737,1737,sub-0157,negative_vs_neutral,dmPFC,-0.2224070727825164
1738,1738,1738,1738,1738,sub-0157,positive_vs_neutral,dmPFC,-0.0319109782576561
1739,1739,1739,1739,1739,sub-0157,negative_vs_positive,dmPFC,-0.1904960870742797
1740,1740,1740,1740,1740,sub-0158,emotion_vs_neutral,amygdala_L,0.2069689780473709
1741,1741,1741,1741,1741,sub-0158,negative_vs_neutral,amygdala_L,0.2375403344631195
1742,1742,1742,1742,1742,sub-0158,positive_vs_neutral,amygdala_L,0.1763976067304611
1743,1743,1743,1743,1743,sub-0158,negative_vs_positive,amygdala_L,0.0611427351832389
1744,1744,1744,1744,1744,sub-0158,emotion_vs_neutral,amygdala_R,0.1117876842617988
1745,1745,1745,1745,1745,sub-0158,negative_vs_neutral,amygdala_R,0.0126022454351186
1746,1746,1746,1746,1746,sub-0158,positive_vs_neutral,amygdala_R,0.2109731286764145
1747,1747,1747,1747,1747,sub-0158,negative_vs_positive,amygdala_R,-0.1983709335327148
1748,1748,1748,1748,1748,sub-0158,emotion_vs_neutral,dmPFC,0.4564417004585266
1749,1749,1749,1749,1749,sub-0158,negative_vs_neutral,dmPFC,0.3217311501502991
1750,1750,1750,1750,1750,sub-0158,positive_vs_neutral,dmPFC,0.5911522507667542
1751,1751,1751,1751,1751,sub-0158,negative_vs_positive,dmPFC,-0.2694211006164551
1752,1752,1752,1752,1752,sub-0159,emotion_vs_neutral,amygdala_L,0.4448112845420837
1753,1753,1753,1753,1753,sub-0159,negative_vs_neutral,amygdala_L,0.2021612524986267
1754,1754,1754,1754,1754,sub-0159,positive_vs_neutral,amygdala_L,0.6874614357948303
1755,1755,1755,1755,1755,sub-0159,negative_vs_positive,amygdala_L,-0.4853001832962036
1756,1756,1756,1756,1756,sub-0159,emotion_vs_neutral,amygdala_R,0.5171011686325073
1757,1757,1757,1757,1757,sub-0159,negative_vs_neutral,amygdala_R,0.2805083096027374
1758,1758,1758,1758,1758,sub-0159,positive_vs_neutral,amygdala_R,0.7536939978599548
1759,1759,1759,1759,1759,sub-0159,negative_vs_positive,amygdala_R,-0.4731856882572174
1760,1760,1760,1760,1760,sub-0159,emotion_vs_neutral,dmPFC,0.5739640593528748
1761,1761,1761,1761,1761,sub-0159,negative_vs_neutral,dmPFC,0.5503365993499756
1762,1762,1762,1762,1762,sub-0159,positive_vs_neutral,dmPFC,0.5975915789604187
1763,1763,1763,1763,1763,sub-0159,negative_vs_positive,dmPFC,-0.0472550801932811
1764,1764,1764,1764,1764,sub-0160,emotion_vs_neutral,amygdala_L,0.4590027332305908
1765,1765,1765,1765,1765,sub-0160,negative_vs_neutral,amygdala_L,0.5162743926048279
1766,1766,1766,1766,1766,sub-0160,positive_vs_neutral,amygdala_L,0.4017310738563537
1767,1767,1767,1767,1767,sub-0160,negative_vs_positive,amygdala_L,0.1145432963967323
1768,1768,1768,1768,1768,sub-0160,emotion_vs_neutral,amygdala_R,0.2074132859706878
1769,1769,1769,1769,1769,sub-0160,negative_vs_neutral,amygdala_R,0.0113031258806586
1770,1770,1770,1770,1770,sub-0160,positive_vs_neutral,amygdala_R,0.4035234451293945
1771,1771,1771,1771,1771,sub-0160,negative_vs_positive,amygdala_R,-0.3922202587127685
1772,1772,1772,1772,1772,sub-0160,emotion_vs_neutral,dmPFC,0.1862551420927047
1773,1773,1773,1773,1773,sub-0160,negative_vs_neutral,dmPFC,-0.1535509377717971
1774,1774,1774,1774,1774,sub-0160,positive_vs_neutral,dmPFC,0.5260612964630127
1775,1775,1775,1775,1775,sub-0160,negative_vs_positive,dmPFC,-0.6796121597290039
1776,1776,1776,1776,1776,sub-0161,emotion_vs_neutral,amygdala_L,0.2082036733627319
1777,1777,1777,1777,1777,sub-0161,negative_vs_neutral,amygdala_L,0.2102630287408828
1778,1778,1778,1778,1778,sub-0161,positive_vs_neutral,amygdala_L,0.2061442881822586
1779,1779,1779,1779,1779,sub-0161,negative_vs_positive,amygdala_L,0.0041187410242855
1780,1780,1780,1780,1780,sub-0161,emotion_vs_neutral,amygdala_R,0.5117082595825195
1781,1781,1781,1781,1781,sub-0161,negative_vs_neutral,amygdala_R,0.4936227202415466
1782,1782,1782,1782,1782,sub-0161,positive_vs_neutral,amygdala_R,0.5297937989234924
1783,1783,1783,1783,1783,sub-0161,negative_vs_positive,amygdala_R,-0.0361711122095584
1784,1784,1784,1784,1784,sub-0161,emotion_vs_neutral,dmPFC,0.1383304893970489
1785,1785,1785,1785,1785,sub-0161,negative_vs_neutral,dmPFC,0.3559686243534088
1786,1786,1786,1786,1786,sub-0161,positive_vs_neutral,dmPFC,-0.0793076455593109
1787,1787,1787,1787,1787,sub-0161,negative_vs_positive,dmPFC,0.4352762997150421
1788,1788,1788,1788,1788,sub-0162,emotion_vs_neutral,amygdala_L,0.2699961960315704
1789,1789,1789,1789,1789,sub-0162,negative_vs_neutral,amygdala_L,0.2773589789867401
1790,1790,1790,1790,1790,sub-0162,positive_vs_neutral,amygdala_L,0.2626334130764007
1791,1791,1791,1791,1791,sub-0162,negative_vs_positive,amygdala_L,0.0147255668416619
1792,1792,1792,1792,1792,sub-0162,emotion_vs_neutral,amygdala_R,0.1317246258258819
1793,1793,1793,1793,1793,sub-0162,negative_vs_neutral,amygdala_R,-0.0289649907499551
1794,1794,1794,1794,1794,sub-0162,positive_vs_neutral,amygdala_R,0.2924142479896545
1795,1795,1795,1795,1795,sub-0162,negative_vs_positive,amygdala_R,-0.3213792443275451
1796,1796,1796,1796,1796,sub-0162,emotion_vs_neutral,dmPFC,-0.3657214939594269
1797,1797,1797,1797,1797,sub-0162,negative_vs_neutral,dmPFC,-0.556213915348053
1798,1798,1798,1798,1798,sub-0162,positive_vs_neutral,dmPFC,-0.1752291023731231
1799,1799,1799,1799,1799,sub-0162,negative_vs_positive,dmPFC,-0.3809847831726074
1800,1800,1800,1800,1800,sub-0163,emotion_vs_neutral,amygdala_L,0.1524504274129867
1801,1801,1801,1801,1801,sub-0163,negative_vs_neutral,amygdala_L,0.1060254946351051
1802,1802,1802,1802,1802,sub-0163,positive_vs_neutral,amygdala_L,0.1988753825426101
1803,1803,1803,1803,1803,sub-0163,negative_vs_positive,amygdala_L,-0.0928498953580856
1804,1804,1804,1804,1804,sub-0163,emotion_vs_neutral,amygdala_R,-0.0860419124364852
1805,1805,1805,1805,1805,sub-0163,negative_vs_neutral,amygdala_R,-0.3143177032470703
1806,1806,1806,1806,1806,sub-0163,positive_vs_neutral,amygdala_R,0.1422338783740997
1807,1807,1807,1807,1807,sub-0163,negative_vs_positive,amygdala_R,-0.4565515518188476
1808,1808,1808,1808,1808,sub-0163,emotion_vs_neutral,dmPFC,-0.0010096984915435
1809,1809,1809,1809,1809,sub-0163,negative_vs_neutral,dmPFC,0.0358877442777156
1810,1810,1810,1810,1810,sub-0163,positive_vs_neutral,dmPFC,-0.0379071570932865
1811,1811,1811,1811,1811,sub-0163,negative_vs_positive,dmPFC,0.0737948939204216
1812,1812,1812,1812,1812,sub-0164,emotion_vs_neutral,amygdala_L,0.6046967506408691
1813,1813,1813,1813,1813,sub-0164,negative_vs_neutral,amygdala_L,0.8381404280662537
1814,1814,1814,1814,1814,sub-0164,positive_vs_neutral,amygdala_L,0.3712530732154846
1815,1815,1815,1815,1815,sub-0164,negative_vs_positive,amygdala_L,0.4668873250484466
1816,1816,1816,1816,1816,sub-0164,emotion_vs_neutral,amygdala_R,0.5847510099411011
1817,1817,1817,1817,1817,sub-0164,negative_vs_neutral,amygdala_R,0.9707306623458862
1818,1818,1818,1818,1818,sub-0164,positive_vs_neutral,amygdala_R,0.198771521449089
1819,1819,1819,1819,1819,sub-0164,negative_vs_positive,amygdala_R,0.7719590067863464
1820,1820,1820,1820,1820,sub-0164,emotion_vs_neutral,dmPFC,-0.3620868623256683
1821,1821,1821,1821,1821,sub-0164,negative_vs_neutral,dmPFC,-0.3162994086742401
1822,1822,1822,1822,1822,sub-0164,positive_vs_neutral,dmPFC,-0.4078743159770965
1823,1823,1823,1823,1823,sub-0164,negative_vs_positive,dmPFC,0.0915749073028564
1824,1824,1824,1824,1824,sub-0165,emotion_vs_neutral,amygdala_L,-0.7328221201896667
1825,1825,1825,1825,1825,sub-0165,negative_vs_neutral,amygdala_L,-0.549991250038147
1826,1826,1826,1826,1826,sub-0165,positive_vs_neutral,amygdala_L,-0.9156529307365416
1827,1827,1827,1827,1827,sub-0165,negative_vs_positive,amygdala_L,0.3656615912914276
1828,1828,1828,1828,1828,sub-0165,emotion_vs_neutral,amygdala_R,-0.5827006697654724
1829,1829,1829,1829,1829,sub-0165,negative_vs_neutral,amygdala_R,-0.523409366607666
1830,1830,1830,1830,1830,sub-0165,positive_vs_neutral,amygdala_R,-0.6419922709465027
1831,1831,1831,1831,1831,sub-0165,negative_vs_positive,amygdala_R,0.1185828819870948
1832,1832,1832,1832,1832,sub-0165,emotion_vs_neutral,dmPFC,-0.196385458111763
1833,1833,1833,1833,1833,sub-0165,negative_vs_neutral,dmPFC,-0.1433119624853134
1834,1834,1834,1834,1834,sub-0165,positive_vs_neutral,dmPFC,-0.2494589835405349
1835,1835,1835,1835,1835,sub-0165,negative_vs_positive,dmPFC,0.1061470210552215
1836,1836,1836,1836,1836,sub-0166,emotion_vs_neutral,amygdala_L,-1.4315708875656128
1837,1837,1837,1837,1837,sub-0166,negative_vs_neutral,amygdala_L,-1.561150074005127
1838,1838,1838,1838,1838,sub-0166,positive_vs_neutral,amygdala_L,-1.301991581916809
1839,1839,1839,1839,1839,sub-0166,negative_vs_positive,amygdala_L,-0.2591583728790283
1840,1840,1840,1840,1840,sub-0166,emotion_vs_neutral,amygdala_R,-0.5249369144439697
1841,1841,1841,1841,1841,sub-0166,negative_vs_neutral,amygdala_R,-0.6984419822692871
1842,1842,1842,1842,1842,sub-0166,positive_vs_neutral,amygdala_R,-0.3514317274093628
1843,1843,1843,1843,1843,sub-0166,negative_vs_positive,amygdala_R,-0.3470102846622467
1844,1844,1844,1844,1844,sub-0166,emotion_vs_neutral,dmPFC,0.0216386653482913
1845,1845,1845,1845,1845,sub-0166,negative_vs_neutral,dmPFC,0.2728343307971954
1846,1846,1846,1846,1846,sub-0166,positive_vs_neutral,dmPFC,-0.2295570075511932
1847,1847,1847,1847,1847,sub-0166,negative_vs_positive,dmPFC,0.5023913383483887
1848,1848,1848,1848,1848,sub-0167,emotion_vs_neutral,amygdala_L,0.2905771434307098
1849,1849,1849,1849,1849,sub-0167,negative_vs_neutral,amygdala_L,-0.0310671143233776
1850,1850,1850,1850,1850,sub-0167,positive_vs_neutral,amygdala_L,0.6122215390205383
1851,1851,1851,1851,1851,sub-0167,negative_vs_positive,amygdala_L,-0.6432885527610779
1852,1852,1852,1852,1852,sub-0167,emotion_vs_neutral,amygdala_R,-0.0468124710023403
1853,1853,1853,1853,1853,sub-0167,negative_vs_neutral,amygdala_R,-0.1300607919692993
1854,1854,1854,1854,1854,sub-0167,positive_vs_neutral,amygdala_R,0.0364358238875865
1855,1855,1855,1855,1855,sub-0167,negative_vs_positive,amygdala_R,-0.166496604681015
1856,1856,1856,1856,1856,sub-0167,emotion_vs_neutral,dmPFC,0.0194548796862363
1857,1857,1857,1857,1857,sub-0167,negative_vs_neutral,dmPFC,0.1303491294384002
1858,1858,1858,1858,1858,sub-0167,positive_vs_neutral,dmPFC,-0.0914393439888954
1859,1859,1859,1859,1859,sub-0167,negative_vs_positive,dmPFC,0.2217884808778762
1860,1860,1860,1860,1860,sub-0168,emotion_vs_neutral,amygdala_L,0.5703160762786865
1861,1861,1861,1861,1861,sub-0168,negative_vs_neutral,amygdala_L,0.694379985332489
1862,1862,1862,1862,1862,sub-0168,positive_vs_neutral,amygdala_L,0.446252167224884
1863,1863,1863,1863,1863,sub-0168,negative_vs_positive,amygdala_L,0.2481278628110885
1864,1864,1864,1864,1864,sub-0168,emotion_vs_neutral,amygdala_R,-0.0653755590319633
1865,1865,1865,1865,1865,sub-0168,negative_vs_neutral,amygdala_R,-0.1517458856105804
1866,1866,1866,1866,1866,sub-0168,positive_vs_neutral,amygdala_R,0.0209947396069765
1867,1867,1867,1867,1867,sub-0168,negative_vs_positive,amygdala_R,-0.1727406233549118
1868,1868,1868,1868,1868,sub-0168,emotion_vs_neutral,dmPFC,-0.0297996345907449
1869,1869,1869,1869,1869,sub-0168,negative_vs_neutral,dmPFC,0.0517709217965602
1870,1870,1870,1870,1870,sub-0168,positive_vs_neutral,dmPFC,-0.1113702058792114
1871,1871,1871,1871,1871,sub-0168,negative_vs_positive,dmPFC,0.163141131401062
1872,1872,1872,1872,1872,sub-0169,emotion_vs_neutral,amygdala_L,-0.0423432663083076
1873,1873,1873,1873,1873,sub-0169,negative_vs_neutral,amygdala_L,-0.3776574432849884
1874,1874,1874,1874,1874,sub-0169,positive_vs_neutral,amygdala_L,0.2929709255695343
1875,1875,1875,1875,1875,sub-0169,negative_vs_positive,amygdala_L,-0.6706283688545227
1876,1876,1876,1876,1876,sub-0169,emotion_vs_neutral,amygdala_R,-0.091321051120758
1877,1877,1877,1877,1877,sub-0169,negative_vs_neutral,amygdala_R,-0.0986996367573738
1878,1878,1878,1878,1878,sub-0169,positive_vs_neutral,amygdala_R,-0.0839424505829811
1879,1879,1879,1879,1879,sub-0169,negative_vs_positive,amygdala_R,-0.0147571992129087
1880,1880,1880,1880,1880,sub-0169,emotion_vs_neutral,dmPFC,0.2602590024471283
1881,1881,1881,1881,1881,sub-0169,negative_vs_neutral,dmPFC,0.280367374420166
1882,1882,1882,1882,1882,sub-0169,positive_vs_neutral,dmPFC,0.2401506453752517
1883,1883,1883,1883,1883,sub-0169,negative_vs_positive,dmPFC,0.0402167104184627
1884,1884,1884,1884,1884,sub-0170,emotion_vs_neutral,amygdala_L,-0.4045095145702362
1885,1885,1885,1885,1885,sub-0170,negative_vs_neutral,amygdala_L,-0.4794610738754272
1886,1886,1886,1886,1886,sub-0170,positive_vs_neutral,amygdala_L,-0.3295579850673675
1887,1887,1887,1887,1887,sub-0170,negative_vs_positive,amygdala_L,-0.1499030888080597
1888,1888,1888,1888,1888,sub-0170,emotion_vs_neutral,amygdala_R,-0.4816542267799377
1889,1889,1889,1889,1889,sub-0170,negative_vs_neutral,amygdala_R,-0.5129785537719727
1890,1890,1890,1890,1890,sub-0170,positive_vs_neutral,amygdala_R,-0.450329840183258
1891,1891,1891,1891,1891,sub-0170,negative_vs_positive,amygdala_R,-0.0626487582921981
1892,1892,1892,1892,1892,sub-0170,emotion_vs_neutral,dmPFC,0.4347740113735199
1893,1893,1893,1893,1893,sub-0170,negative_vs_neutral,dmPFC,0.721393883228302
1894,1894,1894,1894,1894,sub-0170,positive_vs_neutral,dmPFC,0.1481541097164154
1895,1895,1895,1895,1895,sub-0170,negative_vs_positive,dmPFC,0.5732397437095642
1896,1896,1896,1896,1896,sub-0171,emotion_vs_neutral,amygdala_L,0.5224980711936951
1897,1897,1897,1897,1897,sub-0171,negative_vs_neutral,amygdala_L,0.5180065035820007
1898,1898,1898,1898,1898,sub-0171,positive_vs_neutral,amygdala_L,0.5269895792007446
1899,1899,1899,1899,1899,sub-0171,negative_vs_positive,amygdala_L,-0.0089830961078405
1900,1900,1900,1900,1900,sub-0171,emotion_vs_neutral,amygdala_R,-0.170754000544548
1901,1901,1901,1901,1901,sub-0171,negative_vs_neutral,amygdala_R,-0.3894402980804443
1902,1902,1902,1902,1902,sub-0171,positive_vs_neutral,amygdala_R,0.0479323416948318
1903,1903,1903,1903,1903,sub-0171,negative_vs_positive,amygdala_R,-0.4373726546764374
1904,1904,1904,1904,1904,sub-0171,emotion_vs_neutral,dmPFC,0.1824203133583068
1905,1905,1905,1905,1905,sub-0171,negative_vs_neutral,dmPFC,0.0703091844916343
1906,1906,1906,1906,1906,sub-0171,positive_vs_neutral,dmPFC,0.2945314943790436
1907,1907,1907,1907,1907,sub-0171,negative_vs_positive,dmPFC,-0.2242222875356674
1908,1908,1908,1908,1908,sub-0172,emotion_vs_neutral,amygdala_L,0.3331562578678131
1909,1909,1909,1909,1909,sub-0172,negative_vs_neutral,amygdala_L,0.4227501153945923
1910,1910,1910,1910,1910,sub-0172,positive_vs_neutral,amygdala_L,0.2435624897480011
1911,1911,1911,1911,1911,sub-0172,negative_vs_positive,amygdala_L,0.1791875660419464
1912,1912,1912,1912,1912,sub-0172,emotion_vs_neutral,amygdala_R,0.3732499480247497
1913,1913,1913,1913,1913,sub-0172,negative_vs_neutral,amygdala_R,0.3628813326358795
1914,1914,1914,1914,1914,sub-0172,positive_vs_neutral,amygdala_R,0.3836187124252319
1915,1915,1915,1915,1915,sub-0172,negative_vs_positive,amygdala_R,-0.0207374393939971
1916,1916,1916,1916,1916,sub-0172,emotion_vs_neutral,dmPFC,-0.059156134724617
1917,1917,1917,1917,1917,sub-0172,negative_vs_neutral,dmPFC,-0.2985062897205353
1918,1918,1918,1918,1918,sub-0172,positive_vs_neutral,dmPFC,0.18019400537014
1919,1919,1919,1919,1919,sub-0172,negative_vs_positive,dmPFC,-0.4787002801895141
1920,1920,1920,1920,1920,sub-0173,emotion_vs_neutral,amygdala_L,0.3976387679576874
1921,1921,1921,1921,1921,sub-0173,negative_vs_neutral,amygdala_L,0.437729001045227
1922,1922,1922,1922,1922,sub-0173,positive_vs_neutral,amygdala_L,0.3575485646724701
1923,1923,1923,1923,1923,sub-0173,negative_vs_positive,amygdala_L,0.0801804438233375
1924,1924,1924,1924,1924,sub-0173,emotion_vs_neutral,amygdala_R,0.4082986712455749
1925,1925,1925,1925,1925,sub-0173,negative_vs_neutral,amygdala_R,0.3645657896995544
1926,1926,1926,1926,1926,sub-0173,positive_vs_neutral,amygdala_R,0.4520316421985626
1927,1927,1927,1927,1927,sub-0173,negative_vs_positive,amygdala_R,-0.0874657928943634
1928,1928,1928,1928,1928,sub-0173,emotion_vs_neutral,dmPFC,-0.1776918470859527
1929,1929,1929,1929,1929,sub-0173,negative_vs_neutral,dmPFC,-0.3103939294815063
1930,1930,1930,1930,1930,sub-0173,positive_vs_neutral,dmPFC,-0.044989738613367
1931,1931,1931,1931,1931,sub-0173,negative_vs_positive,dmPFC,-0.2654041647911072
1932,1932,1932,1932,1932,sub-0174,emotion_vs_neutral,amygdala_L,0.2363048046827316
1933,1933,1933,1933,1933,sub-0174,negative_vs_neutral,amygdala_L,0.2635300457477569
1934,1934,1934,1934,1934,sub-0174,positive_vs_neutral,amygdala_L,0.2090795636177063
1935,1935,1935,1935,1935,sub-0174,negative_vs_positive,amygdala_L,0.0544504672288894
1936,1936,1936,1936,1936,sub-0174,emotion_vs_neutral,amygdala_R,0.2013809978961944
1937,1937,1937,1937,1937,sub-0174,negative_vs_neutral,amygdala_R,0.095900684595108
1938,1938,1938,1938,1938,sub-0174,positive_vs_neutral,amygdala_R,0.3068613708019256
1939,1939,1939,1939,1939,sub-0174,negative_vs_positive,amygdala_R,-0.2109606862068176
1940,1940,1940,1940,1940,sub-0174,emotion_vs_neutral,dmPFC,0.4218491017818451
1941,1941,1941,1941,1941,sub-0174,negative_vs_neutral,dmPFC,0.3306557536125183
1942,1942,1942,1942,1942,sub-0174,positive_vs_neutral,dmPFC,0.5130423307418823
1943,1943,1943,1943,1943,sub-0174,negative_vs_positive,dmPFC,-0.1823865473270416
1944,1944,1944,1944,1944,sub-0175,emotion_vs_neutral,amygdala_L,0.6384713053703308
1945,1945,1945,1945,1945,sub-0175,negative_vs_neutral,amygdala_L,0.8241930603981018
1946,1946,1946,1946,1946,sub-0175,positive_vs_neutral,amygdala_L,0.4527495801448822
1947,1947,1947,1947,1947,sub-0175,negative_vs_positive,amygdala_L,0.3714434206485748
1948,1948,1948,1948,1948,sub-0175,emotion_vs_neutral,amygdala_R,0.3473011553287506
1949,1949,1949,1949,1949,sub-0175,negative_vs_neutral,amygdala_R,0.4316044747829437
1950,1950,1950,1950,1950,sub-0175,positive_vs_neutral,amygdala_R,0.2629978060722351
1951,1951,1951,1951,1951,sub-0175,negative_vs_positive,amygdala_R,0.1686065942049026
1952,1952,1952,1952,1952,sub-0175,emotion_vs_neutral,dmPFC,0.7911641001701355
1953,1953,1953,1953,1953,sub-0175,negative_vs_neutral,dmPFC,0.9015862941741944
1954,1954,1954,1954,1954,sub-0175,positive_vs_neutral,dmPFC,0.6807417869567871
1955,1955,1955,1955,1955,sub-0175,negative_vs_positive,dmPFC,0.2208444476127624
1956,1956,1956,1956,1956,sub-0176,emotion_vs_neutral,amygdala_L,-0.1004482209682464
1957,1957,1957,1957,1957,sub-0176,negative_vs_neutral,amygdala_L,0.0318864658474922
1958,1958,1958,1958,1958,sub-0176,positive_vs_neutral,amygdala_L,-0.2327829152345657
1959,1959,1959,1959,1959,sub-0176,negative_vs_positive,amygdala_L,0.2646693587303161
1960,1960,1960,1960,1960,sub-0176,emotion_vs_neutral,amygdala_R,0.1153218895196914
1961,1961,1961,1961,1961,sub-0176,negative_vs_neutral,amygdala_R,0.2394806295633316
1962,1962,1962,1962,1962,sub-0176,positive_vs_neutral,amygdala_R,-0.0088368458673357
1963,1963,1963,1963,1963,sub-0176,negative_vs_positive,amygdala_R,0.2483174502849578
1964,1964,1964,1964,1964,sub-0176,emotion_vs_neutral,dmPFC,0.2426105588674545
1965,1965,1965,1965,1965,sub-0176,negative_vs_neutral,dmPFC,0.5314782857894897
1966,1966,1966,1966,1966,sub-0176,positive_vs_neutral,dmPFC,-0.0462570935487747
1967,1967,1967,1967,1967,sub-0176,negative_vs_positive,dmPFC,0.5777353048324585
1968,1968,1968,1968,1968,sub-0177,emotion_vs_neutral,amygdala_L,-0.0722836330533027
1969,1969,1969,1969,1969,sub-0177,negative_vs_neutral,amygdala_L,-0.0872253701090812
1970,1970,1970,1970,1970,sub-0177,positive_vs_neutral,amygdala_L,-0.0573418922722339
1971,1971,1971,1971,1971,sub-0177,negative_vs_positive,amygdala_L,-0.0298834647983312
1972,1972,1972,1972,1972,sub-0177,emotion_vs_neutral,amygdala_R,-0.1541280448436737
1973,1973,1973,1973,1973,sub-0177,negative_vs_neutral,amygdala_R,-0.3776651322841644
1974,1974,1974,1974,1974,sub-0177,positive_vs_neutral,amygdala_R,0.0694090351462364
1975,1975,1975,1975,1975,sub-0177,negative_vs_positive,amygdala_R,-0.4470741152763366
1976,1976,1976,1976,1976,sub-0177,emotion_vs_neutral,dmPFC,-0.0332269109785556
1977,1977,1977,1977,1977,sub-0177,negative_vs_neutral,dmPFC,-0.163338229060173
1978,1978,1978,1978,1978,sub-0177,positive_vs_neutral,dmPFC,0.0968843922019004
1979,1979,1979,1979,1979,sub-0177,negative_vs_positive,dmPFC,-0.2602226138114929
1980,1980,1980,1980,1980,sub-0178,emotion_vs_neutral,amygdala_L,0.0568221174180507
1981,1981,1981,1981,1981,sub-0178,negative_vs_neutral,amygdala_L,-0.3308316767215729
1982,1982,1982,1982,1982,sub-0178,positive_vs_neutral,amygdala_L,0.4444759786128998
1983,1983,1983,1983,1983,sub-0178,negative_vs_positive,amygdala_L,-0.7753076553344727
1984,1984,1984,1984,1984,sub-0178,emotion_vs_neutral,amygdala_R,0.1749899685382843
1985,1985,1985,1985,1985,sub-0178,negative_vs_neutral,amygdala_R,-0.0035413890145719
1986,1986,1986,1986,1986,sub-0178,positive_vs_neutral,amygdala_R,0.353521317243576
1987,1987,1987,1987,1987,sub-0178,negative_vs_positive,amygdala_R,-0.3570626974105835
1988,1988,1988,1988,1988,sub-0178,emotion_vs_neutral,dmPFC,0.5037091374397278
1989,1989,1989,1989,1989,sub-0178,negative_vs_neutral,dmPFC,0.3051769733428955
1990,1990,1990,1990,1990,sub-0178,positive_vs_neutral,dmPFC,0.7022413611412048
1991,1991,1991,1991,1991,sub-0178,negative_vs_positive,dmPFC,-0.3970643877983093
1992,1992,1992,1992,1992,sub-0179,emotion_vs_neutral,amygdala_L,-0.4914095997810364
1993,1993,1993,1993,1993,sub-0179,negative_vs_neutral,amygdala_L,-0.3336172997951507
1994,1994,1994,1994,1994,sub-0179,positive_vs_neutral,amygdala_L,-0.6492018699645996
1995,1995,1995,1995,1995,sub-0179,negative_vs_positive,amygdala_L,0.3155845999717712
1996,1996,1996,1996,1996,sub-0179,emotion_vs_neutral,amygdala_R,-0.3686685562133789
1997,1997,1997,1997,1997,sub-0179,negative_vs_neutral,amygdala_R,-0.530967116355896
1998,1998,1998,1998,1998,sub-0179,positive_vs_neutral,amygdala_R,-0.2063698768615722
1999,1999,1999,1999,1999,sub-0179,negative_vs_positive,amygdala_R,-0.3245972990989685
2000,2000,2000,2000,2000,sub-0179,emotion_vs_neutral,dmPFC,-0.964401125907898
2001,2001,2001,2001,2001,sub-0179,negative_vs_neutral,dmPFC,-0.6267908215522766
2002,2002,2002,2002,2002,sub-0179,positive_vs_neutral,dmPFC,-1.302011489868164
2003,2003,2003,2003,2003,sub-0179,negative_vs_positive,dmPFC,0.6752205491065979
2004,2004,2004,2004,2004,sub-0180,emotion_vs_neutral,amygdala_L,-0.2552602291107178
2005,2005,2005,2005,2005,sub-0180,negative_vs_neutral,amygdala_L,-0.1061847656965255
2006,2006,2006,2006,2006,sub-0180,positive_vs_neutral,amygdala_L,-0.4043357074260711
2007,2007,2007,2007,2007,sub-0180,negative_vs_positive,amygdala_L,0.2981509566307068
2008,2008,2008,2008,2008,sub-0180,emotion_vs_neutral,amygdala_R,-0.0339441820979118
2009,2009,2009,2009,2009,sub-0180,negative_vs_neutral,amygdala_R,-0.2252080291509628
2010,2010,2010,2010,2010,sub-0180,positive_vs_neutral,amygdala_R,0.1573196947574615
2011,2011,2011,2011,2011,sub-0180,negative_vs_positive,amygdala_R,-0.3825277686119079
2012,2012,2012,2012,2012,sub-0180,emotion_vs_neutral,dmPFC,-0.3817058801651001
2013,2013,2013,2013,2013,sub-0180,negative_vs_neutral,dmPFC,-0.1318572908639907
2014,2014,2014,2014,2014,sub-0180,positive_vs_neutral,dmPFC,-0.6315544247627258
2015,2015,2015,2015,2015,sub-0180,negative_vs_positive,dmPFC,0.4996971487998962
2016,2016,2016,2016,2016,sub-0181,emotion_vs_neutral,amygdala_L,0.0292125437408685
2017,2017,2017,2017,2017,sub-0181,negative_vs_neutral,amygdala_L,0.0587534196674823
2018,2018,2018,2018,2018,sub-0181,positive_vs_neutral,amygdala_L,-0.0003283311671111
2019,2019,2019,2019,2019,sub-0181,negative_vs_positive,amygdala_L,0.0590817481279373
2020,2020,2020,2020,2020,sub-0181,emotion_vs_neutral,amygdala_R,0.3308699429035187
2021,2021,2021,2021,2021,sub-0181,negative_vs_neutral,amygdala_R,0.4308814108371734
2022,2022,2022,2022,2022,sub-0181,positive_vs_neutral,amygdala_R,0.2308584600687027
2023,2023,2023,2023,2023,sub-0181,negative_vs_positive,amygdala_R,0.2000229209661483
2024,2024,2024,2024,2024,sub-0181,emotion_vs_neutral,dmPFC,0.2879741191864013
2025,2025,2025,2025,2025,sub-0181,negative_vs_neutral,dmPFC,0.211420401930809
2026,2026,2026,2026,2026,sub-0181,positive_vs_neutral,dmPFC,0.3645278215408325
2027,2027,2027,2027,2027,sub-0181,negative_vs_positive,dmPFC,-0.1531074196100235
2028,2028,2028,2028,2028,sub-0182,emotion_vs_neutral,amygdala_L,0.2988542318344116
2029,2029,2029,2029,2029,sub-0182,negative_vs_neutral,amygdala_L,0.5399194359779358
2030,2030,2030,2030,2030,sub-0182,positive_vs_neutral,amygdala_L,0.0577890314161777
2031,2031,2031,2031,2031,sub-0182,negative_vs_positive,amygdala_L,0.4821304082870483
2032,2032,2032,2032,2032,sub-0182,emotion_vs_neutral,amygdala_R,-0.509194552898407
2033,2033,2033,2033,2033,sub-0182,negative_vs_neutral,amygdala_R,-0.5539118051528931
2034,2034,2034,2034,2034,sub-0182,positive_vs_neutral,amygdala_R,-0.4644774496555328
2035,2035,2035,2035,2035,sub-0182,negative_vs_positive,amygdala_R,-0.0894343107938766
2036,2036,2036,2036,2036,sub-0182,emotion_vs_neutral,dmPFC,-0.3238213360309601
2037,2037,2037,2037,2037,sub-0182,negative_vs_neutral,dmPFC,-0.0978850722312927
2038,2038,2038,2038,2038,sub-0182,positive_vs_neutral,dmPFC,-0.5497575998306274
2039,2039,2039,2039,2039,sub-0182,negative_vs_positive,dmPFC,0.4518725275993347
2040,2040,2040,2040,2040,sub-0183,emotion_vs_neutral,amygdala_L,-0.082184225320816
2041,2041,2041,2041,2041,sub-0183,negative_vs_neutral,amygdala_L,-0.2003551870584488
2042,2042,2042,2042,2042,sub-0183,positive_vs_neutral,amygdala_L,0.0359867103397846
2043,2043,2043,2043,2043,sub-0183,negative_vs_positive,amygdala_L,-0.2363418787717819
2044,2044,2044,2044,2044,sub-0183,emotion_vs_neutral,amygdala_R,-0.5426209568977356
2045,2045,2045,2045,2045,sub-0183,negative_vs_neutral,amygdala_R,-0.6068738102912903
2046,2046,2046,2046,2046,sub-0183,positive_vs_neutral,amygdala_R,-0.4783680737018585
2047,2047,2047,2047,2047,sub-0183,negative_vs_positive,amygdala_R,-0.128505676984787
2048,2048,2048,2048,2048,sub-0183,emotion_vs_neutral,dmPFC,-0.6357614398002625
2049,2049,2049,2049,2049,sub-0183,negative_vs_neutral,dmPFC,-0.7410618662834167
2050,2050,2050,2050,2050,sub-0183,positive_vs_neutral,dmPFC,-0.5304610729217529
2051,2051,2051,2051,2051,sub-0183,negative_vs_positive,dmPFC,-0.2106008678674698
2052,2052,2052,2052,2052,sub-0184,emotion_vs_neutral,amygdala_L,0.0432689785957336
2053,2053,2053,2053,2053,sub-0184,negative_vs_neutral,amygdala_L,-0.0828460082411766
2054,2054,2054,2054,2054,sub-0184,positive_vs_neutral,amygdala_L,0.1693839579820633
2055,2055,2055,2055,2055,sub-0184,negative_vs_positive,amygdala_L,-0.2522299885749817
2056,2056,2056,2056,2056,sub-0184,emotion_vs_neutral,amygdala_R,-0.3738119900226593
2057,2057,2057,2057,2057,sub-0184,negative_vs_neutral,amygdala_R,-0.3558989465236664
2058,2058,2058,2058,2058,sub-0184,positive_vs_neutral,amygdala_R,-0.3917251229286194
2059,2059,2059,2059,2059,sub-0184,negative_vs_positive,amygdala_R,0.0358262248337268
2060,2060,2060,2060,2060,sub-0184,emotion_vs_neutral,dmPFC,-0.2718759179115295
2061,2061,2061,2061,2061,sub-0184,negative_vs_neutral,dmPFC,-0.3732158243656158
2062,2062,2062,2062,2062,sub-0184,positive_vs_neutral,dmPFC,-0.1705360412597656
2063,2063,2063,2063,2063,sub-0184,negative_vs_positive,dmPFC,-0.202679768204689
2064,2064,2064,2064,2064,sub-0185,emotion_vs_neutral,amygdala_L,-0.0514604002237319
2065,2065,2065,2065,2065,sub-0185,negative_vs_neutral,amygdala_L,-0.0439684204757213
2066,2066,2066,2066,2066,sub-0185,positive_vs_neutral,amygdala_L,-0.0589523948729038
2067,2067,2067,2067,2067,sub-0185,negative_vs_positive,amygdala_L,0.0149839622899889
2068,2068,2068,2068,2068,sub-0185,emotion_vs_neutral,amygdala_R,-0.613122820854187
2069,2069,2069,2069,2069,sub-0185,negative_vs_neutral,amygdala_R,-0.6912791132926941
2070,2070,2070,2070,2070,sub-0185,positive_vs_neutral,amygdala_R,-0.5349665284156799
2071,2071,2071,2071,2071,sub-0185,negative_vs_positive,amygdala_R,-0.1563125848770141
2072,2072,2072,2072,2072,sub-0185,emotion_vs_neutral,dmPFC,-0.226835235953331
2073,2073,2073,2073,2073,sub-0185,negative_vs_neutral,dmPFC,-0.3536103665828705
2074,2074,2074,2074,2074,sub-0185,positive_vs_neutral,dmPFC,-0.1000601425766944
2075,2075,2075,2075,2075,sub-0185,negative_vs_positive,dmPFC,-0.2535502314567566
2076,2076,2076,2076,2076,sub-0186,emotion_vs_neutral,amygdala_L,-0.6533616781234741
2077,2077,2077,2077,2077,sub-0186,negative_vs_neutral,amygdala_L,-0.5549205541610718
2078,2078,2078,2078,2078,sub-0186,positive_vs_neutral,amygdala_L,-0.7518026828765869
2079,2079,2079,2079,2079,sub-0186,negative_vs_positive,amygdala_L,0.1968821883201599
2080,2080,2080,2080,2080,sub-0186,emotion_vs_neutral,amygdala_R,-0.2479508072137832
2081,2081,2081,2081,2081,sub-0186,negative_vs_neutral,amygdala_R,-0.1173313334584236
2082,2082,2082,2082,2082,sub-0186,positive_vs_neutral,amygdala_R,-0.3785702586174011
2083,2083,2083,2083,2083,sub-0186,negative_vs_positive,amygdala_R,0.2612389028072357
2084,2084,2084,2084,2084,sub-0186,emotion_vs_neutral,dmPFC,-0.3896003663539886
2085,2085,2085,2085,2085,sub-0186,negative_vs_neutral,dmPFC,-0.5406096577644348
2086,2086,2086,2086,2086,sub-0186,positive_vs_neutral,dmPFC,-0.2385910004377365
2087,2087,2087,2087,2087,sub-0186,negative_vs_positive,dmPFC,-0.3020186722278595
2088,2088,2088,2088,2088,sub-0187,emotion_vs_neutral,amygdala_L,-0.0652989074587822
2089,2089,2089,2089,2089,sub-0187,negative_vs_neutral,amygdala_L,0.1875485777854919
2090,2090,2090,2090,2090,sub-0187,positive_vs_neutral,amygdala_L,-0.3181464374065399
2091,2091,2091,2091,2091,sub-0187,negative_vs_positive,amygdala_L,0.5056950449943542
2092,2092,2092,2092,2092,sub-0187,emotion_vs_neutral,amygdala_R,-0.1352203786373138
2093,2093,2093,2093,2093,sub-0187,negative_vs_neutral,amygdala_R,0.0911650583148002
2094,2094,2094,2094,2094,sub-0187,positive_vs_neutral,amygdala_R,-0.3616058528423309
2095,2095,2095,2095,2095,sub-0187,negative_vs_positive,amygdala_R,0.452770859003067
2096,2096,2096,2096,2096,sub-0187,emotion_vs_neutral,dmPFC,-0.098748929798603
2097,2097,2097,2097,2097,sub-0187,negative_vs_neutral,dmPFC,0.0664904490113258
2098,2098,2098,2098,2098,sub-0187,positive_vs_neutral,dmPFC,-0.2639882862567901
2099,2099,2099,2099,2099,sub-0187,negative_vs_positive,dmPFC,0.3304787576198578
2100,2100,2100,2100,2100,sub-0188,emotion_vs_neutral,amygdala_L,0.3192887008190155
2101,2101,2101,2101,2101,sub-0188,negative_vs_neutral,amygdala_L,0.3568161725997925
2102,2102,2102,2102,2102,sub-0188,positive_vs_neutral,amygdala_L,0.2817611992359161
2103,2103,2103,2103,2103,sub-0188,negative_vs_positive,amygdala_L,0.0750549584627151
2104,2104,2104,2104,2104,sub-0188,emotion_vs_neutral,amygdala_R,-0.1605833619832992
2105,2105,2105,2105,2105,sub-0188,negative_vs_neutral,amygdala_R,-0.1980908662080764
2106,2106,2106,2106,2106,sub-0188,positive_vs_neutral,amygdala_R,-0.1230758354067802
2107,2107,2107,2107,2107,sub-0188,negative_vs_positive,amygdala_R,-0.0750150308012962
2108,2108,2108,2108,2108,sub-0188,emotion_vs_neutral,dmPFC,-0.1924208551645279
2109,2109,2109,2109,2109,sub-0188,negative_vs_neutral,dmPFC,-0.4550248384475708
2110,2110,2110,2110,2110,sub-0188,positive_vs_neutral,dmPFC,0.0701831504702568
2111,2111,2111,2111,2111,sub-0188,negative_vs_positive,dmPFC,-0.5252079963684082
2112,2112,2112,2112,2112,sub-0189,emotion_vs_neutral,amygdala_L,0.3741247057914734
2113,2113,2113,2113,2113,sub-0189,negative_vs_neutral,amygdala_L,0.5609540343284607
2114,2114,2114,2114,2114,sub-0189,positive_vs_neutral,amygdala_L,0.1872953921556472
2115,2115,2115,2115,2115,sub-0189,negative_vs_positive,amygdala_L,0.3736586272716522
2116,2116,2116,2116,2116,sub-0189,emotion_vs_neutral,amygdala_R,0.4017580151557922
2117,2117,2117,2117,2117,sub-0189,negative_vs_neutral,amygdala_R,0.6413969397544861
2118,2118,2118,2118,2118,sub-0189,positive_vs_neutral,amygdala_R,0.1621191501617431
2119,2119,2119,2119,2119,sub-0189,negative_vs_positive,amygdala_R,0.4792777597904205
2120,2120,2120,2120,2120,sub-0189,emotion_vs_neutral,dmPFC,-0.2535072267055511
2121,2121,2121,2121,2121,sub-0189,negative_vs_neutral,dmPFC,-0.2286707013845443
2122,2122,2122,2122,2122,sub-0189,positive_vs_neutral,dmPFC,-0.2783437669277191
2123,2123,2123,2123,2123,sub-0189,negative_vs_positive,dmPFC,0.0496730245649814
2124,2124,2124,2124,2124,sub-0190,emotion_vs_neutral,amygdala_L,0.2121127843856811
2125,2125,2125,2125,2125,sub-0190,negative_vs_neutral,amygdala_L,0.3942541182041168
2126,2126,2126,2126,2126,sub-0190,positive_vs_neutral,amygdala_L,0.0299715157598257
2127,2127,2127,2127,2127,sub-0190,negative_vs_positive,amygdala_L,0.3642825484275818
2128,2128,2128,2128,2128,sub-0190,emotion_vs_neutral,amygdala_R,0.1198277696967125
2129,2129,2129,2129,2129,sub-0190,negative_vs_neutral,amygdala_R,0.1973761320114135
2130,2130,2130,2130,2130,sub-0190,positive_vs_neutral,amygdala_R,0.0422794111073017
2131,2131,2131,2131,2131,sub-0190,negative_vs_positive,amygdala_R,0.1550967097282409
2132,2132,2132,2132,2132,sub-0190,emotion_vs_neutral,dmPFC,0.9046138525009156
2133,2133,2133,2133,2133,sub-0190,negative_vs_neutral,dmPFC,0.837092399597168
2134,2134,2134,2134,2134,sub-0190,positive_vs_neutral,dmPFC,0.9721351861953736
2135,2135,2135,2135,2135,sub-0190,negative_vs_positive,dmPFC,-0.1350427418947219
2136,2136,2136,2136,2136,sub-0191,emotion_vs_neutral,amygdala_L,0.376301497220993
2137,2137,2137,2137,2137,sub-0191,negative_vs_neutral,amygdala_L,0.4670816957950592
2138,2138,2138,2138,2138,sub-0191,positive_vs_neutral,amygdala_L,0.2855212688446045
2139,2139,2139,2139,2139,sub-0191,negative_vs_positive,amygdala_L,0.1815604120492935
2140,2140,2140,2140,2140,sub-0191,emotion_vs_neutral,amygdala_R,0.0988751798868179
2141,2141,2141,2141,2141,sub-0191,negative_vs_neutral,amygdala_R,0.2001744657754898
2142,2142,2142,2142,2142,sub-0191,positive_vs_neutral,amygdala_R,-0.0024241453502327
2143,2143,2143,2143,2143,sub-0191,negative_vs_positive,amygdala_R,0.2025986164808273
2144,2144,2144,2144,2144,sub-0191,emotion_vs_neutral,dmPFC,0.3097164630889892
2145,2145,2145,2145,2145,sub-0191,negative_vs_neutral,dmPFC,0.7890512943267822
2146,2146,2146,2146,2146,sub-0191,positive_vs_neutral,dmPFC,-0.1696183234453201
2147,2147,2147,2147,2147,sub-0191,negative_vs_positive,dmPFC,0.9586696028709412
2148,2148,2148,2148,2148,sub-0192,emotion_vs_neutral,amygdala_L,-0.1907993257045745
2149,2149,2149,2149,2149,sub-0192,negative_vs_neutral,amygdala_L,-0.2903001606464386
2150,2150,2150,2150,2150,sub-0192,positive_vs_neutral,amygdala_L,-0.0912984758615493
2151,2151,2151,2151,2151,sub-0192,negative_vs_positive,amygdala_L,-0.199001669883728
2152,2152,2152,2152,2152,sub-0192,emotion_vs_neutral,amygdala_R,-0.3126634061336517
2153,2153,2153,2153,2153,sub-0192,negative_vs_neutral,amygdala_R,-0.3283074498176574
2154,2154,2154,2154,2154,sub-0192,positive_vs_neutral,amygdala_R,-0.2970193326473236
2155,2155,2155,2155,2155,sub-0192,negative_vs_positive,amygdala_R,-0.0312881059944629
2156,2156,2156,2156,2156,sub-0192,emotion_vs_neutral,dmPFC,-0.3583384752273559
2157,2157,2157,2157,2157,sub-0192,negative_vs_neutral,dmPFC,-0.4293946921825409
2158,2158,2158,2158,2158,sub-0192,positive_vs_neutral,dmPFC,-0.2872822284698486
2159,2159,2159,2159,2159,sub-0192,negative_vs_positive,dmPFC,-0.1421124190092086
2160,2160,2160,2160,2160,sub-0193,emotion_vs_neutral,amygdala_L,0.2376080155372619
2161,2161,2161,2161,2161,sub-0193,negative_vs_neutral,amygdala_L,0.2040886580944061
2162,2162,2162,2162,2162,sub-0193,positive_vs_neutral,amygdala_L,0.2711273431777954
2163,2163,2163,2163,2163,sub-0193,negative_vs_positive,amygdala_L,-0.0670386329293251
2164,2164,2164,2164,2164,sub-0193,emotion_vs_neutral,amygdala_R,0.022157235071063
2165,2165,2165,2165,2165,sub-0193,negative_vs_neutral,amygdala_R,-0.0263319816440343
2166,2166,2166,2166,2166,sub-0193,positive_vs_neutral,amygdala_R,0.0706464648246765
2167,2167,2167,2167,2167,sub-0193,negative_vs_positive,amygdala_R,-0.0969784408807754
2168,2168,2168,2168,2168,sub-0193,emotion_vs_neutral,dmPFC,0.8947747349739075
2169,2169,2169,2169,2169,sub-0193,negative_vs_neutral,dmPFC,0.9214667081832886
2170,2170,2170,2170,2170,sub-0193,positive_vs_neutral,dmPFC,0.8680827617645264
2171,2171,2171,2171,2171,sub-0193,negative_vs_positive,dmPFC,0.053383994847536
2172,2172,2172,2172,2172,sub-0194,emotion_vs_neutral,amygdala_L,0.6246800422668457
2173,2173,2173,2173,2173,sub-0194,negative_vs_neutral,amygdala_L,0.642917275428772
2174,2174,2174,2174,2174,sub-0194,positive_vs_neutral,amygdala_L,0.6064427495002747
2175,2175,2175,2175,2175,sub-0194,negative_vs_positive,amygdala_L,0.0364745482802391
2176,2176,2176,2176,2176,sub-0194,emotion_vs_neutral,amygdala_R,0.2103266716003418
2177,2177,2177,2177,2177,sub-0194,negative_vs_neutral,amygdala_R,0.3104113936424255
2178,2178,2178,2178,2178,sub-0194,positive_vs_neutral,amygdala_R,0.1102419719099998
2179,2179,2179,2179,2179,sub-0194,negative_vs_positive,amygdala_R,0.2001694738864898
2180,2180,2180,2180,2180,sub-0194,emotion_vs_neutral,dmPFC,0.1730344891548156
2181,2181,2181,2181,2181,sub-0194,negative_vs_neutral,dmPFC,0.1956544816493988
2182,2182,2182,2182,2182,sub-0194,positive_vs_neutral,dmPFC,0.1504145115613937
2183,2183,2183,2183,2183,sub-0194,negative_vs_positive,dmPFC,0.0452399849891662
2184,2184,2184,2184,2184,sub-0195,emotion_vs_neutral,amygdala_L,-0.1638791859149933
2185,2185,2185,2185,2185,sub-0195,negative_vs_neutral,amygdala_L,-0.1574208438396453
2186,2186,2186,2186,2186,sub-0195,positive_vs_neutral,amygdala_L,-0.1703375428915023
2187,2187,2187,2187,2187,sub-0195,negative_vs_positive,amygdala_L,0.0129167111590504
2188,2188,2188,2188,2188,sub-0195,emotion_vs_neutral,amygdala_R,0.0744340643286705
2189,2189,2189,2189,2189,sub-0195,negative_vs_neutral,amygdala_R,0.0695212110877037
2190,2190,2190,2190,2190,sub-0195,positive_vs_neutral,amygdala_R,0.0793469250202179
2191,2191,2191,2191,2191,sub-0195,negative_vs_positive,amygdala_R,-0.0098257316276431
2192,2192,2192,2192,2192,sub-0195,emotion_vs_neutral,dmPFC,0.5074169635772705
2193,2193,2193,2193,2193,sub-0195,negative_vs_neutral,dmPFC,0.4692245423793793
2194,2194,2194,2194,2194,sub-0195,positive_vs_neutral,dmPFC,0.5456093549728394
2195,2195,2195,2195,2195,sub-0195,negative_vs_positive,dmPFC,-0.0763848051428794
2196,2196,2196,2196,2196,sub-0196,emotion_vs_neutral,amygdala_L,0.5530776977539062
2197,2197,2197,2197,2197,sub-0196,negative_vs_neutral,amygdala_L,0.4616563320159912
2198,2198,2198,2198,2198,sub-0196,positive_vs_neutral,amygdala_L,0.6444990634918213
2199,2199,2199,2199,2199,sub-0196,negative_vs_positive,amygdala_L,-0.1828427910804748
2200,2200,2200,2200,2200,sub-0196,emotion_vs_neutral,amygdala_R,0.2750885188579559
2201,2201,2201,2201,2201,sub-0196,negative_vs_neutral,amygdala_R,0.1668929904699325
2202,2202,2202,2202,2202,sub-0196,positive_vs_neutral,amygdala_R,0.3832840323448181
2203,2203,2203,2203,2203,sub-0196,negative_vs_positive,amygdala_R,-0.2163910120725631
2204,2204,2204,2204,2204,sub-0196,emotion_vs_neutral,dmPFC,-0.1313052326440811
2205,2205,2205,2205,2205,sub-0196,negative_vs_neutral,dmPFC,-0.0165000651031732
2206,2206,2206,2206,2206,sub-0196,positive_vs_neutral,dmPFC,-0.2461103647947311
2207,2207,2207,2207,2207,sub-0196,negative_vs_positive,dmPFC,0.2296103090047836
2208,2208,2208,2208,2208,sub-0197,emotion_vs_neutral,amygdala_L,0.0098298732191324
2209,2209,2209,2209,2209,sub-0197,negative_vs_neutral,amygdala_L,0.5057390332221985
2210,2210,2210,2210,2210,sub-0197,positive_vs_neutral,amygdala_L,-0.4860792160034179
2211,2211,2211,2211,2211,sub-0197,negative_vs_positive,amygdala_L,0.9918183088302612
2212,2212,2212,2212,2212,sub-0197,emotion_vs_neutral,amygdala_R,0.3259495198726654
2213,2213,2213,2213,2213,sub-0197,negative_vs_neutral,amygdala_R,0.2938216626644134
2214,2214,2214,2214,2214,sub-0197,positive_vs_neutral,amygdala_R,0.3580773770809173
2215,2215,2215,2215,2215,sub-0197,negative_vs_positive,amygdala_R,-0.0642557144165039
2216,2216,2216,2216,2216,sub-0197,emotion_vs_neutral,dmPFC,0.3484928011894226
2217,2217,2217,2217,2217,sub-0197,negative_vs_neutral,dmPFC,0.2332997769117355
2218,2218,2218,2218,2218,sub-0197,positive_vs_neutral,dmPFC,0.4636858105659485
2219,2219,2219,2219,2219,sub-0197,negative_vs_positive,dmPFC,-0.2303860336542129
2220,2220,2220,2220,2220,sub-0198,emotion_vs_neutral,amygdala_L,0.2507181465625763
2221,2221,2221,2221,2221,sub-0198,negative_vs_neutral,amygdala_L,0.1394522339105606
2222,2222,2222,2222,2222,sub-0198,positive_vs_neutral,amygdala_L,0.3619840741157532
2223,2223,2223,2223,2223,sub-0198,negative_vs_positive,amygdala_L,-0.2225319147109985
2224,2224,2224,2224,2224,sub-0198,emotion_vs_neutral,amygdala_R,-0.1032676920294761
2225,2225,2225,2225,2225,sub-0198,negative_vs_neutral,amygdala_R,-0.0653045624494552
2226,2226,2226,2226,2226,sub-0198,positive_vs_neutral,amygdala_R,-0.1412308067083358
2227,2227,2227,2227,2227,sub-0198,negative_vs_positive,amygdala_R,0.0759262666106224
2228,2228,2228,2228,2228,sub-0198,emotion_vs_neutral,dmPFC,0.4276468455791473
2229,2229,2229,2229,2229,sub-0198,negative_vs_neutral,dmPFC,0.0386358611285686
2230,2230,2230,2230,2230,sub-0198,positive_vs_neutral,dmPFC,0.8166577219963074
2231,2231,2231,2231,2231,sub-0198,negative_vs_positive,dmPFC,-0.7780218720436096
2232,2232,2232,2232,2232,sub-0199,emotion_vs_neutral,amygdala_L,0.324599027633667
2233,2233,2233,2233,2233,sub-0199,negative_vs_neutral,amygdala_L,0.0362804271280765
2234,2234,2234,2234,2234,sub-0199,positive_vs_neutral,amygdala_L,0.6129176616668701
2235,2235,2235,2235,2235,sub-0199,negative_vs_positive,amygdala_L,-0.5766372084617615
2236,2236,2236,2236,2236,sub-0199,emotion_vs_neutral,amygdala_R,0.001666817581281
2237,2237,2237,2237,2237,sub-0199,negative_vs_neutral,amygdala_R,0.1728426665067672
2238,2238,2238,2238,2238,sub-0199,positive_vs_neutral,amygdala_R,-0.1695090383291244
2239,2239,2239,2239,2239,sub-0199,negative_vs_positive,amygdala_R,0.3423516750335693
2240,2240,2240,2240,2240,sub-0199,emotion_vs_neutral,dmPFC,0.3981899321079254
2241,2241,2241,2241,2241,sub-0199,negative_vs_neutral,dmPFC,0.6645767092704773
2242,2242,2242,2242,2242,sub-0199,positive_vs_neutral,dmPFC,0.1318031698465347
2243,2243,2243,2243,2243,sub-0199,negative_vs_positive,dmPFC,0.532773494720459
2244,2244,2244,2244,2244,sub-0200,emotion_vs_neutral,amygdala_L,-0.0161068867892026
2245,2245,2245,2245,2245,sub-0200,negative_vs_neutral,amygdala_L,-0.2896691560745239
2246,2246,2246,2246,2246,sub-0200,positive_vs_neutral,amygdala_L,0.2574554085731506
2247,2247,2247,2247,2247,sub-0200,negative_vs_positive,amygdala_L,-0.5471245646476746
2248,2248,2248,2248,2248,sub-0200,emotion_vs_neutral,amygdala_R,0.4597987234592438
2249,2249,2249,2249,2249,sub-0200,negative_vs_neutral,amygdala_R,0.2421450614929199
2250,2250,2250,2250,2250,sub-0200,positive_vs_neutral,amygdala_R,0.6774523854255676
2251,2251,2251,2251,2251,sub-0200,negative_vs_positive,amygdala_R,-0.4353073537349701
2252,2252,2252,2252,2252,sub-0200,emotion_vs_neutral,dmPFC,-0.0191400460898876
2253,2253,2253,2253,2253,sub-0200,negative_vs_neutral,dmPFC,-0.2313327044248581
2254,2254,2254,2254,2254,sub-0200,positive_vs_neutral,dmPFC,0.1930526196956634
2255,2255,2255,2255,2255,sub-0200,negative_vs_positive,dmPFC,-0.4243853092193603
2256,2256,2256,2256,2256,sub-0201,emotion_vs_neutral,amygdala_L,-0.3884377777576446
2257,2257,2257,2257,2257,sub-0201,negative_vs_neutral,amygdala_L,-0.3991060256958008
2258,2258,2258,2258,2258,sub-0201,positive_vs_neutral,amygdala_L,-0.3777695000171661
2259,2259,2259,2259,2259,sub-0201,negative_vs_positive,amygdala_L,-0.0213364958763122
2260,2260,2260,2260,2260,sub-0201,emotion_vs_neutral,amygdala_R,-0.5210936665534973
2261,2261,2261,2261,2261,sub-0201,negative_vs_neutral,amygdala_R,-0.4287798702716827
2262,2262,2262,2262,2262,sub-0201,positive_vs_neutral,amygdala_R,-0.6134073734283447
2263,2263,2263,2263,2263,sub-0201,negative_vs_positive,amygdala_R,0.184627428650856
2264,2264,2264,2264,2264,sub-0201,emotion_vs_neutral,dmPFC,-0.3396618962287903
2265,2265,2265,2265,2265,sub-0201,negative_vs_neutral,dmPFC,-0.2559654712677002
2266,2266,2266,2266,2266,sub-0201,positive_vs_neutral,dmPFC,-0.4233582615852356
2267,2267,2267,2267,2267,sub-0201,negative_vs_positive,dmPFC,0.1673928052186966
2268,2268,2268,2268,2268,sub-0202,emotion_vs_neutral,amygdala_L,0.5360982418060303
2269,2269,2269,2269,2269,sub-0202,negative_vs_neutral,amygdala_L,0.8787552118301392
2270,2270,2270,2270,2270,sub-0202,positive_vs_neutral,amygdala_L,0.1934413462877273
2271,2271,2271,2271,2271,sub-0202,negative_vs_positive,amygdala_L,0.6853138208389282
2272,2272,2272,2272,2272,sub-0202,emotion_vs_neutral,amygdala_R,0.0725413411855697
2273,2273,2273,2273,2273,sub-0202,negative_vs_neutral,amygdala_R,0.2537576854228973
2274,2274,2274,2274,2274,sub-0202,positive_vs_neutral,amygdala_R,-0.108675017952919
2275,2275,2275,2275,2275,sub-0202,negative_vs_positive,amygdala_R,0.3624327182769775
2276,2276,2276,2276,2276,sub-0202,emotion_vs_neutral,dmPFC,0.603699803352356
2277,2277,2277,2277,2277,sub-0202,negative_vs_neutral,dmPFC,0.6689938306808472
2278,2278,2278,2278,2278,sub-0202,positive_vs_neutral,dmPFC,0.5384058356285095
2279,2279,2279,2279,2279,sub-0202,negative_vs_positive,dmPFC,0.13058802485466
2280,2280,2280,2280,2280,sub-0203,emotion_vs_neutral,amygdala_L,-0.0330682247877121
2281,2281,2281,2281,2281,sub-0203,negative_vs_neutral,amygdala_L,0.1696150004863739
2282,2282,2282,2282,2282,sub-0203,positive_vs_neutral,amygdala_L,-0.2357514351606369
2283,2283,2283,2283,2283,sub-0203,negative_vs_positive,amygdala_L,0.405366450548172
2284,2284,2284,2284,2284,sub-0203,emotion_vs_neutral,amygdala_R,0.1336024105548858
2285,2285,2285,2285,2285,sub-0203,negative_vs_neutral,amygdala_R,0.2759272158145904
2286,2286,2286,2286,2286,sub-0203,positive_vs_neutral,amygdala_R,-0.008722367696464
2287,2287,2287,2287,2287,sub-0203,negative_vs_positive,amygdala_R,0.2846496105194092
2288,2288,2288,2288,2288,sub-0203,emotion_vs_neutral,dmPFC,0.0845179930329322
2289,2289,2289,2289,2289,sub-0203,negative_vs_neutral,dmPFC,0.0917092487215995
2290,2290,2290,2290,2290,sub-0203,positive_vs_neutral,dmPFC,0.0773267522454261
2291,2291,2291,2291,2291,sub-0203,negative_vs_positive,dmPFC,0.0143824946135282
2292,2292,2292,2292,2292,sub-0204,emotion_vs_neutral,amygdala_L,-0.0102575365453958
2293,2293,2293,2293,2293,sub-0204,negative_vs_neutral,amygdala_L,0.1335765719413757
2294,2294,2294,2294,2294,sub-0204,positive_vs_neutral,amygdala_L,-0.1540916413068771
2295,2295,2295,2295,2295,sub-0204,negative_vs_positive,amygdala_L,0.2876681983470917
2296,2296,2296,2296,2296,sub-0204,emotion_vs_neutral,amygdala_R,0.2716647684574127
2297,2297,2297,2297,2297,sub-0204,negative_vs_neutral,amygdala_R,0.4874434173107147
2298,2298,2298,2298,2298,sub-0204,positive_vs_neutral,amygdala_R,0.0558861494064331
2299,2299,2299,2299,2299,sub-0204,negative_vs_positive,amygdala_R,0.4315572381019592
2300,2300,2300,2300,2300,sub-0204,emotion_vs_neutral,dmPFC,0.144599363207817
2301,2301,2301,2301,2301,sub-0204,negative_vs_neutral,dmPFC,0.277528703212738
2302,2302,2302,2302,2302,sub-0204,positive_vs_neutral,dmPFC,0.0116700185462832
2303,2303,2303,2303,2303,sub-0204,negative_vs_positive,dmPFC,0.2658586502075195
2304,2304,2304,2304,2304,sub-0205,emotion_vs_neutral,amygdala_L,-0.0394667983055114
2305,2305,2305,2305,2305,sub-0205,negative_vs_neutral,amygdala_L,0.0505055487155914
2306,2306,2306,2306,2306,sub-0205,positive_vs_neutral,amygdala_L,-0.1294391602277755
2307,2307,2307,2307,2307,sub-0205,negative_vs_positive,amygdala_L,0.179944708943367
2308,2308,2308,2308,2308,sub-0205,emotion_vs_neutral,amygdala_R,-0.1735691726207733
2309,2309,2309,2309,2309,sub-0205,negative_vs_neutral,amygdala_R,-0.0215439926832914
2310,2310,2310,2310,2310,sub-0205,positive_vs_neutral,amygdala_R,-0.3255943357944488
2311,2311,2311,2311,2311,sub-0205,negative_vs_positive,amygdala_R,0.3040503561496734
2312,2312,2312,2312,2312,sub-0205,emotion_vs_neutral,dmPFC,0.5620142817497253
2313,2313,2313,2313,2313,sub-0205,negative_vs_neutral,dmPFC,0.5747001767158508
2314,2314,2314,2314,2314,sub-0205,positive_vs_neutral,dmPFC,0.5493283867835999
2315,2315,2315,2315,2315,sub-0205,negative_vs_positive,dmPFC,0.0253717955201864
2316,2316,2316,2316,2316,sub-0206,emotion_vs_neutral,amygdala_L,-0.561564028263092
2317,2317,2317,2317,2317,sub-0206,negative_vs_neutral,amygdala_L,-0.4033876955509186
2318,2318,2318,2318,2318,sub-0206,positive_vs_neutral,amygdala_L,-0.7197403907775879
2319,2319,2319,2319,2319,sub-0206,negative_vs_positive,amygdala_L,0.3163526654243469
2320,2320,2320,2320,2320,sub-0206,emotion_vs_neutral,amygdala_R,-0.1712194681167602
2321,2321,2321,2321,2321,sub-0206,negative_vs_neutral,amygdala_R,-0.1410364806652069
2322,2322,2322,2322,2322,sub-0206,positive_vs_neutral,amygdala_R,-0.2014024555683136
2323,2323,2323,2323,2323,sub-0206,negative_vs_positive,amygdala_R,0.0603659711778163
2324,2324,2324,2324,2324,sub-0206,emotion_vs_neutral,dmPFC,0.3405261039733886
2325,2325,2325,2325,2325,sub-0206,negative_vs_neutral,dmPFC,0.3152503967285156
2326,2326,2326,2326,2326,sub-0206,positive_vs_neutral,dmPFC,0.3658017814159393
2327,2327,2327,2327,2327,sub-0206,negative_vs_positive,dmPFC,-0.0505513995885849
2328,2328,2328,2328,2328,sub-0207,emotion_vs_neutral,amygdala_L,0.1570982038974762
2329,2329,2329,2329,2329,sub-0207,negative_vs_neutral,amygdala_L,-0.0501720681786537
2330,2330,2330,2330,2330,sub-0207,positive_vs_neutral,amygdala_L,0.3643684387207031
2331,2331,2331,2331,2331,sub-0207,negative_vs_positive,amygdala_L,-0.4145404994487762
2332,2332,2332,2332,2332,sub-0207,emotion_vs_neutral,amygdala_R,0.8509745001792908
2333,2333,2333,2333,2333,sub-0207,negative_vs_neutral,amygdala_R,0.9296077489852904
2334,2334,2334,2334,2334,sub-0207,positive_vs_neutral,amygdala_R,0.7723413109779358
2335,2335,2335,2335,2335,sub-0207,negative_vs_positive,amygdala_R,0.1572663486003875
2336,2336,2336,2336,2336,sub-0207,emotion_vs_neutral,dmPFC,-0.145466923713684
2337,2337,2337,2337,2337,sub-0207,negative_vs_neutral,dmPFC,0.0283493343740701
2338,2338,2338,2338,2338,sub-0207,positive_vs_neutral,dmPFC,-0.3192830979824066
2339,2339,2339,2339,2339,sub-0207,negative_vs_positive,dmPFC,0.3476324379444122
2340,2340,2340,2340,2340,sub-0208,emotion_vs_neutral,amygdala_L,0.3349173963069916
2341,2341,2341,2341,2341,sub-0208,negative_vs_neutral,amygdala_L,0.1722795367240905
2342,2342,2342,2342,2342,sub-0208,positive_vs_neutral,amygdala_L,0.4975551664829254
2343,2343,2343,2343,2343,sub-0208,negative_vs_positive,amygdala_L,-0.3252756893634796
2344,2344,2344,2344,2344,sub-0208,emotion_vs_neutral,amygdala_R,0.2309138178825378
2345,2345,2345,2345,2345,sub-0208,negative_vs_neutral,amygdala_R,0.2240554988384246
2346,2346,2346,2346,2346,sub-0208,positive_vs_neutral,amygdala_R,0.2377721965312957
2347,2347,2347,2347,2347,sub-0208,negative_vs_positive,amygdala_R,-0.0137166734784841
2348,2348,2348,2348,2348,sub-0208,emotion_vs_neutral,dmPFC,0.0954837650060653
2349,2349,2349,2349,2349,sub-0208,negative_vs_neutral,dmPFC,0.0603193864226341
2350,2350,2350,2350,2350,sub-0208,positive_vs_neutral,dmPFC,0.1306481212377548
2351,2351,2351,2351,2351,sub-0208,negative_vs_positive,dmPFC,-0.0703287422657013
2352,2352,2352,2352,2352,sub-0209,emotion_vs_neutral,amygdala_L,-0.532446026802063
2353,2353,2353,2353,2353,sub-0209,negative_vs_neutral,amygdala_L,-0.8472352623939514
2354,2354,2354,2354,2354,sub-0209,positive_vs_neutral,amygdala_L,-0.2176566570997238
2355,2355,2355,2355,2355,sub-0209,negative_vs_positive,amygdala_L,-0.6295786499977112
2356,2356,2356,2356,2356,sub-0209,emotion_vs_neutral,amygdala_R,0.2731551229953766
2357,2357,2357,2357,2357,sub-0209,negative_vs_neutral,amygdala_R,0.2437048703432083
2358,2358,2358,2358,2358,sub-0209,positive_vs_neutral,amygdala_R,0.3026054203510284
2359,2359,2359,2359,2359,sub-0209,negative_vs_positive,amygdala_R,-0.0589005388319492
2360,2360,2360,2360,2360,sub-0209,emotion_vs_neutral,dmPFC,0.2167947441339492
2361,2361,2361,2361,2361,sub-0209,negative_vs_neutral,dmPFC,0.0164917223155498
2362,2362,2362,2362,2362,sub-0209,positive_vs_neutral,dmPFC,0.4170977771282196
2363,2363,2363,2363,2363,sub-0209,negative_vs_positive,dmPFC,-0.4006060659885406
2364,2364,2364,2364,2364,sub-0210,emotion_vs_neutral,amygdala_L,-0.6121182441711426
2365,2365,2365,2365,2365,sub-0210,negative_vs_neutral,amygdala_L,-0.8900628089904785
2366,2366,2366,2366,2366,sub-0210,positive_vs_neutral,amygdala_L,-0.3341735601425171
2367,2367,2367,2367,2367,sub-0210,negative_vs_positive,amygdala_L,-0.5558893084526062
2368,2368,2368,2368,2368,sub-0210,emotion_vs_neutral,amygdala_R,0.0083838887512683
2369,2369,2369,2369,2369,sub-0210,negative_vs_neutral,amygdala_R,-0.1217778101563453
2370,2370,2370,2370,2370,sub-0210,positive_vs_neutral,amygdala_R,0.1385455876588821
2371,2371,2371,2371,2371,sub-0210,negative_vs_positive,amygdala_R,-0.2603233754634857
2372,2372,2372,2372,2372,sub-0210,emotion_vs_neutral,dmPFC,0.6074904799461365
2373,2373,2373,2373,2373,sub-0210,negative_vs_neutral,dmPFC,0.8509302139282227
2374,2374,2374,2374,2374,sub-0210,positive_vs_neutral,dmPFC,0.3640508651733398
2375,2375,2375,2375,2375,sub-0210,negative_vs_positive,dmPFC,0.4868793487548828
2376,2376,2376,2376,2376,sub-0211,emotion_vs_neutral,amygdala_L,-0.2613667249679565
2377,2377,2377,2377,2377,sub-0211,negative_vs_neutral,amygdala_L,-0.1270606368780136
2378,2378,2378,2378,2378,sub-0211,positive_vs_neutral,amygdala_L,-0.3956728279590606
2379,2379,2379,2379,2379,sub-0211,negative_vs_positive,amygdala_L,0.2686121761798858
2380,2380,2380,2380,2380,sub-0211,emotion_vs_neutral,amygdala_R,0.3418998420238495
2381,2381,2381,2381,2381,sub-0211,negative_vs_neutral,amygdala_R,0.3945816457271576
2382,2382,2382,2382,2382,sub-0211,positive_vs_neutral,amygdala_R,0.2892180681228637
2383,2383,2383,2383,2383,sub-0211,negative_vs_positive,amygdala_R,0.105363592505455
2384,2384,2384,2384,2384,sub-0211,emotion_vs_neutral,dmPFC,0.3642480373382568
2385,2385,2385,2385,2385,sub-0211,negative_vs_neutral,dmPFC,0.5460124611854553
2386,2386,2386,2386,2386,sub-0211,positive_vs_neutral,dmPFC,0.1824836134910583
2387,2387,2387,2387,2387,sub-0211,negative_vs_positive,dmPFC,0.3635288774967193
2388,2388,2388,2388,2388,sub-0212,emotion_vs_neutral,amygdala_L,-0.4016373753547668
2389,2389,2389,2389,2389,sub-0212,negative_vs_neutral,amygdala_L,-0.7074682116508484
2390,2390,2390,2390,2390,sub-0212,positive_vs_neutral,amygdala_L,-0.0958064422011375
2391,2391,2391,2391,2391,sub-0212,negative_vs_positive,amygdala_L,-0.6116617918014526
2392,2392,2392,2392,2392,sub-0212,emotion_vs_neutral,amygdala_R,0.3559664189815521
2393,2393,2393,2393,2393,sub-0212,negative_vs_neutral,amygdala_R,-0.13056580722332
2394,2394,2394,2394,2394,sub-0212,positive_vs_neutral,amygdala_R,0.8424986004829407
2395,2395,2395,2395,2395,sub-0212,negative_vs_positive,amygdala_R,-0.9730645418167114
2396,2396,2396,2396,2396,sub-0212,emotion_vs_neutral,dmPFC,-0.3523274660110473
2397,2397,2397,2397,2397,sub-0212,negative_vs_neutral,dmPFC,-0.3451222777366638
2398,2398,2398,2398,2398,sub-0212,positive_vs_neutral,dmPFC,-0.3595325648784637
2399,2399,2399,2399,2399,sub-0212,negative_vs_positive,dmPFC,0.0144102415069937
2400,2400,2400,2400,2400,sub-0213,emotion_vs_neutral,amygdala_L,0.1536232531070709
2401,2401,2401,2401,2401,sub-0213,negative_vs_neutral,amygdala_L,0.2466430813074112
2402,2402,2402,2402,2402,sub-0213,positive_vs_neutral,amygdala_L,0.0606034435331821
2403,2403,2403,2403,2403,sub-0213,negative_vs_positive,amygdala_L,0.1860396414995193
2404,2404,2404,2404,2404,sub-0213,emotion_vs_neutral,amygdala_R,0.3737973570823669
2405,2405,2405,2405,2405,sub-0213,negative_vs_neutral,amygdala_R,0.5449259877204895
2406,2406,2406,2406,2406,sub-0213,positive_vs_neutral,amygdala_R,0.2026688009500503
2407,2407,2407,2407,2407,sub-0213,negative_vs_positive,amygdala_R,0.3422571420669555
2408,2408,2408,2408,2408,sub-0213,emotion_vs_neutral,dmPFC,-0.0041855745948851
2409,2409,2409,2409,2409,sub-0213,negative_vs_neutral,dmPFC,0.3995555341243744
2410,2410,2410,2410,2410,sub-0213,positive_vs_neutral,dmPFC,-0.4079266488552093
2411,2411,2411,2411,2411,sub-0213,negative_vs_positive,dmPFC,0.8074821829795837
2412,2412,2412,2412,2412,sub-0214,emotion_vs_neutral,amygdala_L,0.0204315688461065
2413,2413,2413,2413,2413,sub-0214,negative_vs_neutral,amygdala_L,0.3906910419464111
2414,2414,2414,2414,2414,sub-0214,positive_vs_neutral,amygdala_L,-0.3498279154300689
2415,2415,2415,2415,2415,sub-0214,negative_vs_positive,amygdala_L,0.7405188679695129
2416,2416,2416,2416,2416,sub-0214,emotion_vs_neutral,amygdala_R,0.2071193009614944
2417,2417,2417,2417,2417,sub-0214,negative_vs_neutral,amygdala_R,0.4529007375240326
2418,2418,2418,2418,2418,sub-0214,positive_vs_neutral,amygdala_R,-0.038662165403366
2419,2419,2419,2419,2419,sub-0214,negative_vs_positive,amygdala_R,0.4915628433227539
2420,2420,2420,2420,2420,sub-0214,emotion_vs_neutral,dmPFC,-1.004703164100647
2421,2421,2421,2421,2421,sub-0214,negative_vs_neutral,dmPFC,-0.6186540722846985
2422,2422,2422,2422,2422,sub-0214,positive_vs_neutral,dmPFC,-1.3907523155212402
2423,2423,2423,2423,2423,sub-0214,negative_vs_positive,dmPFC,0.7720983028411865
2424,2424,2424,2424,2424,sub-0215,emotion_vs_neutral,amygdala_L,0.3963846266269684
2425,2425,2425,2425,2425,sub-0215,negative_vs_neutral,amygdala_L,0.3260131180286407
2426,2426,2426,2426,2426,sub-0215,positive_vs_neutral,amygdala_L,0.4667561054229736
2427,2427,2427,2427,2427,sub-0215,negative_vs_positive,amygdala_L,-0.140743002295494
2428,2428,2428,2428,2428,sub-0215,emotion_vs_neutral,amygdala_R,-0.1569367796182632
2429,2429,2429,2429,2429,sub-0215,negative_vs_neutral,amygdala_R,-0.3465696275234222
2430,2430,2430,2430,2430,sub-0215,positive_vs_neutral,amygdala_R,0.0326960086822509
2431,2431,2431,2431,2431,sub-0215,negative_vs_positive,amygdala_R,-0.3792656064033508
2432,2432,2432,2432,2432,sub-0215,emotion_vs_neutral,dmPFC,-0.2001566141843795
2433,2433,2433,2433,2433,sub-0215,negative_vs_neutral,dmPFC,-0.1968123465776443
2434,2434,2434,2434,2434,sub-0215,positive_vs_neutral,dmPFC,-0.2035008668899536
2435,2435,2435,2435,2435,sub-0215,negative_vs_positive,dmPFC,0.0066885049454867
